district,year,season,ndvi
Ariyalur,2003,Kharif,0.5795
Ariyalur,2003,Rabi,0.4803
Ariyalur,2003,Zaid,0.4497
Ariyalur,2004,Kharif,0.5839
Ariyalur,2004,Rabi,0.4685
Ariyalur,2004,Zaid,0.4077
Ariyalur,2005,Kharif,0.5766
Ariyalur,2005,Rabi,0.4755
Ariyalur,2005,Zaid,0.4512
Ariyalur,2006,Kharif,0.5568
Ariyalur,2006,Rabi,0.4742
Ariyalur,2006,Zaid,0.3892
Ariyalur,2007,Kharif,0.4816
Ariyalur,2007,Rabi,0.5652
Ariyalur,2007,Zaid,0.562
Ariyalur,2008,Kharif,0.4482
Ariyalur,2008,Rabi,0.5154
Ariyalur,2008,Zaid,0.4912
Ariyalur,2009,Kharif,0.498
Ariyalur,2009,Rabi,0.4905
Ariyalur,2009,Zaid,0.4841
Ariyalur,2010,Kharif,0.6212
Ariyalur,2010,Rabi,0.4799
Ariyalur,2010,Zaid,0.451
Ariyalur,2011,Kharif,0.5182
Ariyalur,2011,Rabi,0.5578
Ariyalur,2011,Zaid,0.5379
Ariyalur,2012,Kharif,0.5026
Ariyalur,2012,Rabi,0.5391
Ariyalur,2012,Zaid,0.4801
Ariyalur,2013,Kharif,0.4943
Ariyalur,2013,Rabi,0.5584
Ariyalur,2013,Zaid,0.4128
Ariyalur,2014,Kharif,0.5159
Ariyalur,2014,Rabi,0.4959
Ariyalur,2014,Zaid,0.4384
Ariyalur,2015,Kharif,0.4851
Ariyalur,2015,Rabi,0.5264
Ariyalur,2015,Zaid,0.524
Ariyalur,2016,Kharif,0.4978
Ariyalur,2016,Rabi,0.4352
Ariyalur,2016,Zaid,0.4404
Ariyalur,2017,Kharif,0.4688
Ariyalur,2017,Rabi,0.4998
Ariyalur,2017,Zaid,0.4271
Ariyalur,2018,Kharif,0.5776
Ariyalur,2018,Rabi,0.4495
Ariyalur,2018,Zaid,0.4142
Ariyalur,2019,Kharif,0.5113
Ariyalur,2019,Rabi,0.4214
Ariyalur,2019,Zaid,0.3595
Ariyalur,2020,Kharif,0.5423
Ariyalur,2020,Rabi,0.5338
Ariyalur,2020,Zaid,0.4851
Ariyalur,2021,Kharif,0.5059
Ariyalur,2021,Rabi,0.515
Ariyalur,2021,Zaid,0.3963
Ariyalur,2022,Kharif,0.528
Ariyalur,2022,Rabi,0.43
Ariyalur,2022,Zaid,0.4483
Ariyalur,2023,Kharif,0.5467
Ariyalur,2023,Rabi,0.4965
Ariyalur,2023,Zaid,0.491
Chengalpattu,2003,Kharif,0.5328
Chengalpattu,2003,Rabi,0.5103
Chengalpattu,2003,Zaid,0.4966
Chengalpattu,2004,Kharif,0.5146
Chengalpattu,2004,Rabi,0.4262
Chengalpattu,2004,Zaid,0.4776
Chengalpattu,2005,Kharif,0.5003
Chengalpattu,2005,Rabi,0.5432
Chengalpattu,2005,Zaid,0.5077
Chengalpattu,2006,Kharif,0.5955
Chengalpattu,2006,Rabi,0.502
Chengalpattu,2006,Zaid,0.4625
Chengalpattu,2007,Kharif,0.5362
Chengalpattu,2007,Rabi,0.4276
Chengalpattu,2007,Zaid,0.4966
Chengalpattu,2008,Kharif,0.521
Chengalpattu,2008,Rabi,0.5263
Chengalpattu,2008,Zaid,0.4718
Chengalpattu,2009,Kharif,0.4905
Chengalpattu,2009,Rabi,0.5018
Chengalpattu,2009,Zaid,0.4852
Chengalpattu,2010,Kharif,0.5439
Chengalpattu,2010,Rabi,0.4608
Chengalpattu,2010,Zaid,0.4426
Chengalpattu,2011,Kharif,0.5016
Chengalpattu,2011,Rabi,0.4598
Chengalpattu,2011,Zaid,0.4206
Chengalpattu,2012,Kharif,0.5797
Chengalpattu,2012,Rabi,0.3919
Chengalpattu,2012,Zaid,0.412
Chengalpattu,2013,Kharif,0.4679
Chengalpattu,2013,Rabi,0.4706
Chengalpattu,2013,Zaid,0.4294
Chengalpattu,2014,Kharif,0.4916
Chengalpattu,2014,Rabi,0.4164
Chengalpattu,2014,Zaid,0.4119
Chengalpattu,2015,Kharif,0.4997
Chengalpattu,2015,Rabi,0.4925
Chengalpattu,2015,Zaid,0.557
Chengalpattu,2016,Kharif,0.5247
Chengalpattu,2016,Rabi,0.5423
Chengalpattu,2016,Zaid,0.4388
Chengalpattu,2017,Kharif,0.5009
Chengalpattu,2017,Rabi,0.5798
Chengalpattu,2017,Zaid,0.4797
Chengalpattu,2018,Kharif,0.6009
Chengalpattu,2018,Rabi,0.4563
Chengalpattu,2018,Zaid,0.4408
Chengalpattu,2019,Kharif,0.5745
Chengalpattu,2019,Rabi,0.4363
Chengalpattu,2019,Zaid,0.3913
Chengalpattu,2020,Kharif,0.5681
Chengalpattu,2020,Rabi,0.5503
Chengalpattu,2020,Zaid,0.444
Chengalpattu,2021,Kharif,0.4719
Chengalpattu,2021,Rabi,0.4553
Chengalpattu,2021,Zaid,0.3798
Chengalpattu,2022,Kharif,0.4419
Chengalpattu,2022,Rabi,0.4372
Chengalpattu,2022,Zaid,0.4202
Chengalpattu,2023,Kharif,0.5257
Chengalpattu,2023,Rabi,0.5271
Chengalpattu,2023,Zaid,0.4551
Chennai,2003,Kharif,0.5557
Chennai,2003,Rabi,0.4413
Chennai,2003,Zaid,0.4093
Chennai,2004,Kharif,0.5429
Chennai,2004,Rabi,0.4973
Chennai,2004,Zaid,0.4281
Chennai,2005,Kharif,0.5795
Chennai,2005,Rabi,0.4982
Chennai,2005,Zaid,0.4817
Chennai,2006,Kharif,0.5151
Chennai,2006,Rabi,0.4431
Chennai,2006,Zaid,0.4367
Chennai,2007,Kharif,0.5357
Chennai,2007,Rabi,0.5007
Chennai,2007,Zaid,0.4693
Chennai,2008,Kharif,0.58
Chennai,2008,Rabi,0.464
Chennai,2008,Zaid,0.4775
Chennai,2009,Kharif,0.5778
Chennai,2009,Rabi,0.498
Chennai,2009,Zaid,0.437
Chennai,2010,Kharif,0.5833
Chennai,2010,Rabi,0.5353
Chennai,2010,Zaid,0.3799
Chennai,2011,Kharif,0.6233
Chennai,2011,Rabi,0.5213
Chennai,2011,Zaid,0.428
Chennai,2012,Kharif,0.5212
Chennai,2012,Rabi,0.5416
Chennai,2012,Zaid,0.4734
Chennai,2013,Kharif,0.4878
Chennai,2013,Rabi,0.424
Chennai,2013,Zaid,0.4682
Chennai,2014,Kharif,0.4686
Chennai,2014,Rabi,0.5086
Chennai,2014,Zaid,0.4067
Chennai,2015,Kharif,0.5236
Chennai,2015,Rabi,0.4371
Chennai,2015,Zaid,0.4225
Chennai,2016,Kharif,0.6046
Chennai,2016,Rabi,0.5048
Chennai,2016,Zaid,0.4781
Chennai,2017,Kharif,0.5334
Chennai,2017,Rabi,0.4462
Chennai,2017,Zaid,0.4413
Chennai,2018,Kharif,0.4858
Chennai,2018,Rabi,0.4484
Chennai,2018,Zaid,0.4309
Chennai,2019,Kharif,0.5327
Chennai,2019,Rabi,0.4767
Chennai,2019,Zaid,0.4138
Chennai,2020,Kharif,0.5161
Chennai,2020,Rabi,0.45
Chennai,2020,Zaid,0.3995
Chennai,2021,Kharif,0.4928
Chennai,2021,Rabi,0.4186
Chennai,2021,Zaid,0.3784
Chennai,2022,Kharif,0.56
Chennai,2022,Rabi,0.5371
Chennai,2022,Zaid,0.4696
Chennai,2023,Kharif,0.4873
Chennai,2023,Rabi,0.491
Chennai,2023,Zaid,0.4486
Coimbatore,2003,Kharif,0.6924
Coimbatore,2003,Rabi,0.6116
Coimbatore,2003,Zaid,0.5323
Coimbatore,2004,Kharif,0.74
Coimbatore,2004,Rabi,0.6141
Coimbatore,2004,Zaid,0.6224
Coimbatore,2005,Kharif,0.6665
Coimbatore,2005,Rabi,0.6237
Coimbatore,2005,Zaid,0.507
Coimbatore,2006,Kharif,0.6653
Coimbatore,2006,Rabi,0.6633
Coimbatore,2006,Zaid,0.5283
Coimbatore,2007,Kharif,0.6235
Coimbatore,2007,Rabi,0.6353
Coimbatore,2007,Zaid,0.5852
Coimbatore,2008,Kharif,0.6694
Coimbatore,2008,Rabi,0.5503
Coimbatore,2008,Zaid,0.5447
Coimbatore,2009,Kharif,0.6129
Coimbatore,2009,Rabi,0.625
Coimbatore,2009,Zaid,0.617
Coimbatore,2010,Kharif,0.6922
Coimbatore,2010,Rabi,0.6385
Coimbatore,2010,Zaid,0.5172
Coimbatore,2011,Kharif,0.7529
Coimbatore,2011,Rabi,0.6146
Coimbatore,2011,Zaid,0.5945
Coimbatore,2012,Kharif,0.6701
Coimbatore,2012,Rabi,0.6545
Coimbatore,2012,Zaid,0.6287
Coimbatore,2013,Kharif,0.7109
Coimbatore,2013,Rabi,0.6847
Coimbatore,2013,Zaid,0.5616
Coimbatore,2014,Kharif,0.6707
Coimbatore,2014,Rabi,0.5519
Coimbatore,2014,Zaid,0.5144
Coimbatore,2015,Kharif,0.7023
Coimbatore,2015,Rabi,0.5936
Coimbatore,2015,Zaid,0.56
Coimbatore,2016,Kharif,0.6557
Coimbatore,2016,Rabi,0.614
Coimbatore,2016,Zaid,0.5521
Coimbatore,2017,Kharif,0.6369
Coimbatore,2017,Rabi,0.6987
Coimbatore,2017,Zaid,0.5531
Coimbatore,2018,Kharif,0.6476
Coimbatore,2018,Rabi,0.5509
Coimbatore,2018,Zaid,0.5767
Coimbatore,2019,Kharif,0.6619
Coimbatore,2019,Rabi,0.5832
Coimbatore,2019,Zaid,0.4855
Coimbatore,2020,Kharif,0.6728
Coimbatore,2020,Rabi,0.624
Coimbatore,2020,Zaid,0.5692
Coimbatore,2021,Kharif,0.6268
Coimbatore,2021,Rabi,0.5781
Coimbatore,2021,Zaid,0.5671
Coimbatore,2022,Kharif,0.6701
Coimbatore,2022,Rabi,0.57
Coimbatore,2022,Zaid,0.668
Coimbatore,2023,Kharif,0.678
Coimbatore,2023,Rabi,0.5777
Coimbatore,2023,Zaid,0.6431
Cuddalore,2003,Kharif,0.5913
Cuddalore,2003,Rabi,0.6208
Cuddalore,2003,Zaid,0.5943
Cuddalore,2004,Kharif,0.6589
Cuddalore,2004,Rabi,0.6842
Cuddalore,2004,Zaid,0.6188
Cuddalore,2005,Kharif,0.684
Cuddalore,2005,Rabi,0.7517
Cuddalore,2005,Zaid,0.5848
Cuddalore,2006,Kharif,0.7266
Cuddalore,2006,Rabi,0.6015
Cuddalore,2006,Zaid,0.5107
Cuddalore,2007,Kharif,0.6069
Cuddalore,2007,Rabi,0.5896
Cuddalore,2007,Zaid,0.6363
Cuddalore,2008,Kharif,0.6399
Cuddalore,2008,Rabi,0.5961
Cuddalore,2008,Zaid,0.5643
Cuddalore,2009,Kharif,0.7237
Cuddalore,2009,Rabi,0.59
Cuddalore,2009,Zaid,0.5951
Cuddalore,2010,Kharif,0.6865
Cuddalore,2010,Rabi,0.6378
Cuddalore,2010,Zaid,0.4885
Cuddalore,2011,Kharif,0.7087
Cuddalore,2011,Rabi,0.663
Cuddalore,2011,Zaid,0.6062
Cuddalore,2012,Kharif,0.653
Cuddalore,2012,Rabi,0.5938
Cuddalore,2012,Zaid,0.5185
Cuddalore,2013,Kharif,0.6334
Cuddalore,2013,Rabi,0.6635
Cuddalore,2013,Zaid,0.48
Cuddalore,2014,Kharif,0.6854
Cuddalore,2014,Rabi,0.5933
Cuddalore,2014,Zaid,0.6084
Cuddalore,2015,Kharif,0.7003
Cuddalore,2015,Rabi,0.5728
Cuddalore,2015,Zaid,0.5872
Cuddalore,2016,Kharif,0.6894
Cuddalore,2016,Rabi,0.6129
Cuddalore,2016,Zaid,0.5438
Cuddalore,2017,Kharif,0.706
Cuddalore,2017,Rabi,0.5319
Cuddalore,2017,Zaid,0.5886
Cuddalore,2018,Kharif,0.6421
Cuddalore,2018,Rabi,0.5659
Cuddalore,2018,Zaid,0.5785
Cuddalore,2019,Kharif,0.6167
Cuddalore,2019,Rabi,0.6103
Cuddalore,2019,Zaid,0.5666
Cuddalore,2020,Kharif,0.716
Cuddalore,2020,Rabi,0.6495
Cuddalore,2020,Zaid,0.5137
Cuddalore,2021,Kharif,0.7368
Cuddalore,2021,Rabi,0.6076
Cuddalore,2021,Zaid,0.5513
Cuddalore,2022,Kharif,0.6619
Cuddalore,2022,Rabi,0.5781
Cuddalore,2022,Zaid,0.6411
Cuddalore,2023,Kharif,0.7274
Cuddalore,2023,Rabi,0.57
Cuddalore,2023,Zaid,0.5261
Dharmapuri,2003,Kharif,0.462
Dharmapuri,2003,Rabi,0.4637
Dharmapuri,2003,Zaid,0.362
Dharmapuri,2004,Kharif,0.4181
Dharmapuri,2004,Rabi,0.3944
Dharmapuri,2004,Zaid,0.3537
Dharmapuri,2005,Kharif,0.4047
Dharmapuri,2005,Rabi,0.3463
Dharmapuri,2005,Zaid,0.3582
Dharmapuri,2006,Kharif,0.4627
Dharmapuri,2006,Rabi,0.4201
Dharmapuri,2006,Zaid,0.3614
Dharmapuri,2007,Kharif,0.4395
Dharmapuri,2007,Rabi,0.3553
Dharmapuri,2007,Zaid,0.3324
Dharmapuri,2008,Kharif,0.4224
Dharmapuri,2008,Rabi,0.3578
Dharmapuri,2008,Zaid,0.3469
Dharmapuri,2009,Kharif,0.4966
Dharmapuri,2009,Rabi,0.3539
Dharmapuri,2009,Zaid,0.2964
Dharmapuri,2010,Kharif,0.3709
Dharmapuri,2010,Rabi,0.4036
Dharmapuri,2010,Zaid,0.3756
Dharmapuri,2011,Kharif,0.3861
Dharmapuri,2011,Rabi,0.3583
Dharmapuri,2011,Zaid,0.3615
Dharmapuri,2012,Kharif,0.4232
Dharmapuri,2012,Rabi,0.2994
Dharmapuri,2012,Zaid,0.3211
Dharmapuri,2013,Kharif,0.3801
Dharmapuri,2013,Rabi,0.3651
Dharmapuri,2013,Zaid,0.3181
Dharmapuri,2014,Kharif,0.3691
Dharmapuri,2014,Rabi,0.4181
Dharmapuri,2014,Zaid,0.3404
Dharmapuri,2015,Kharif,0.377
Dharmapuri,2015,Rabi,0.3208
Dharmapuri,2015,Zaid,0.3961
Dharmapuri,2016,Kharif,0.4448
Dharmapuri,2016,Rabi,0.4343
Dharmapuri,2016,Zaid,0.3767
Dharmapuri,2017,Kharif,0.4094
Dharmapuri,2017,Rabi,0.3758
Dharmapuri,2017,Zaid,0.3221
Dharmapuri,2018,Kharif,0.3881
Dharmapuri,2018,Rabi,0.3457
Dharmapuri,2018,Zaid,0.4196
Dharmapuri,2019,Kharif,0.4224
Dharmapuri,2019,Rabi,0.3689
Dharmapuri,2019,Zaid,0.3039
Dharmapuri,2020,Kharif,0.4113
Dharmapuri,2020,Rabi,0.4558
Dharmapuri,2020,Zaid,0.3374
Dharmapuri,2021,Kharif,0.3776
Dharmapuri,2021,Rabi,0.3154
Dharmapuri,2021,Zaid,0.3136
Dharmapuri,2022,Kharif,0.3704
Dharmapuri,2022,Rabi,0.3181
Dharmapuri,2022,Zaid,0.2703
Dharmapuri,2023,Kharif,0.4495
Dharmapuri,2023,Rabi,0.3783
Dharmapuri,2023,Zaid,0.2569
Dindigul,2003,Kharif,0.5614
Dindigul,2003,Rabi,0.5629
Dindigul,2003,Zaid,0.5096
Dindigul,2004,Kharif,0.4722
Dindigul,2004,Rabi,0.473
Dindigul,2004,Zaid,0.4811
Dindigul,2005,Kharif,0.5424
Dindigul,2005,Rabi,0.5484
Dindigul,2005,Zaid,0.4523
Dindigul,2006,Kharif,0.5522
Dindigul,2006,Rabi,0.471
Dindigul,2006,Zaid,0.4347
Dindigul,2007,Kharif,0.4948
Dindigul,2007,Rabi,0.4248
Dindigul,2007,Zaid,0.443
Dindigul,2008,Kharif,0.4867
Dindigul,2008,Rabi,0.4795
Dindigul,2008,Zaid,0.4264
Dindigul,2009,Kharif,0.5889
Dindigul,2009,Rabi,0.5023
Dindigul,2009,Zaid,0.3554
Dindigul,2010,Kharif,0.5843
Dindigul,2010,Rabi,0.5202
Dindigul,2010,Zaid,0.4476
Dindigul,2011,Kharif,0.5404
Dindigul,2011,Rabi,0.4415
Dindigul,2011,Zaid,0.3703
Dindigul,2012,Kharif,0.5741
Dindigul,2012,Rabi,0.5062
Dindigul,2012,Zaid,0.4651
Dindigul,2013,Kharif,0.5273
Dindigul,2013,Rabi,0.4826
Dindigul,2013,Zaid,0.4624
Dindigul,2014,Kharif,0.507
Dindigul,2014,Rabi,0.418
Dindigul,2014,Zaid,0.5201
Dindigul,2015,Kharif,0.5427
Dindigul,2015,Rabi,0.5802
Dindigul,2015,Zaid,0.4381
Dindigul,2016,Kharif,0.5942
Dindigul,2016,Rabi,0.4976
Dindigul,2016,Zaid,0.412
Dindigul,2017,Kharif,0.4875
Dindigul,2017,Rabi,0.4596
Dindigul,2017,Zaid,0.3927
Dindigul,2018,Kharif,0.4603
Dindigul,2018,Rabi,0.5171
Dindigul,2018,Zaid,0.4146
Dindigul,2019,Kharif,0.5047
Dindigul,2019,Rabi,0.4959
Dindigul,2019,Zaid,0.4654
Dindigul,2020,Kharif,0.5114
Dindigul,2020,Rabi,0.3767
Dindigul,2020,Zaid,0.4553
Dindigul,2021,Kharif,0.5253
Dindigul,2021,Rabi,0.5142
Dindigul,2021,Zaid,0.4724
Dindigul,2022,Kharif,0.5396
Dindigul,2022,Rabi,0.4876
Dindigul,2022,Zaid,0.4516
Dindigul,2023,Kharif,0.4751
Dindigul,2023,Rabi,0.5062
Dindigul,2023,Zaid,0.4546
Erode,2003,Kharif,0.5798
Erode,2003,Rabi,0.4009
Erode,2003,Zaid,0.4103
Erode,2004,Kharif,0.5012
Erode,2004,Rabi,0.4677
Erode,2004,Zaid,0.4331
Erode,2005,Kharif,0.5408
Erode,2005,Rabi,0.4674
Erode,2005,Zaid,0.4524
Erode,2006,Kharif,0.5656
Erode,2006,Rabi,0.5136
Erode,2006,Zaid,0.5019
Erode,2007,Kharif,0.5841
Erode,2007,Rabi,0.4559
Erode,2007,Zaid,0.4059
Erode,2008,Kharif,0.5891
Erode,2008,Rabi,0.4888
Erode,2008,Zaid,0.4734
Erode,2009,Kharif,0.5
Erode,2009,Rabi,0.5087
Erode,2009,Zaid,0.4195
Erode,2010,Kharif,0.5312
Erode,2010,Rabi,0.4628
Erode,2010,Zaid,0.425
Erode,2011,Kharif,0.5389
Erode,2011,Rabi,0.5374
Erode,2011,Zaid,0.4155
Erode,2012,Kharif,0.496
Erode,2012,Rabi,0.4809
Erode,2012,Zaid,0.4935
Erode,2013,Kharif,0.565
Erode,2013,Rabi,0.4884
Erode,2013,Zaid,0.4446
Erode,2014,Kharif,0.5721
Erode,2014,Rabi,0.4875
Erode,2014,Zaid,0.4705
Erode,2015,Kharif,0.5517
Erode,2015,Rabi,0.4789
Erode,2015,Zaid,0.4442
Erode,2016,Kharif,0.4746
Erode,2016,Rabi,0.4669
Erode,2016,Zaid,0.4436
Erode,2017,Kharif,0.5627
Erode,2017,Rabi,0.5171
Erode,2017,Zaid,0.4392
Erode,2018,Kharif,0.6007
Erode,2018,Rabi,0.4959
Erode,2018,Zaid,0.4789
Erode,2019,Kharif,0.4885
Erode,2019,Rabi,0.4657
Erode,2019,Zaid,0.4375
Erode,2020,Kharif,0.4829
Erode,2020,Rabi,0.5728
Erode,2020,Zaid,0.4614
Erode,2021,Kharif,0.5656
Erode,2021,Rabi,0.4414
Erode,2021,Zaid,0.4528
Erode,2022,Kharif,0.5325
Erode,2022,Rabi,0.4603
Erode,2022,Zaid,0.2948
Erode,2023,Kharif,0.529
Erode,2023,Rabi,0.5284
Erode,2023,Zaid,0.3893
Kallakurichi,2003,Kharif,0.5771
Kallakurichi,2003,Rabi,0.4486
Kallakurichi,2003,Zaid,0.4298
Kallakurichi,2004,Kharif,0.4539
Kallakurichi,2004,Rabi,0.4728
Kallakurichi,2004,Zaid,0.5157
Kallakurichi,2005,Kharif,0.5754
Kallakurichi,2005,Rabi,0.4458
Kallakurichi,2005,Zaid,0.4354
Kallakurichi,2006,Kharif,0.5224
Kallakurichi,2006,Rabi,0.4743
Kallakurichi,2006,Zaid,0.449
Kallakurichi,2007,Kharif,0.582
Kallakurichi,2007,Rabi,0.4445
Kallakurichi,2007,Zaid,0.4894
Kallakurichi,2008,Kharif,0.5246
Kallakurichi,2008,Rabi,0.4956
Kallakurichi,2008,Zaid,0.4302
Kallakurichi,2009,Kharif,0.5482
Kallakurichi,2009,Rabi,0.4541
Kallakurichi,2009,Zaid,0.4962
Kallakurichi,2010,Kharif,0.6019
Kallakurichi,2010,Rabi,0.4216
Kallakurichi,2010,Zaid,0.3817
Kallakurichi,2011,Kharif,0.4991
Kallakurichi,2011,Rabi,0.4909
Kallakurichi,2011,Zaid,0.4623
Kallakurichi,2012,Kharif,0.5235
Kallakurichi,2012,Rabi,0.4494
Kallakurichi,2012,Zaid,0.4056
Kallakurichi,2013,Kharif,0.4616
Kallakurichi,2013,Rabi,0.5762
Kallakurichi,2013,Zaid,0.4258
Kallakurichi,2014,Kharif,0.501
Kallakurichi,2014,Rabi,0.5539
Kallakurichi,2014,Zaid,0.4374
Kallakurichi,2015,Kharif,0.5178
Kallakurichi,2015,Rabi,0.4595
Kallakurichi,2015,Zaid,0.4319
Kallakurichi,2016,Kharif,0.5431
Kallakurichi,2016,Rabi,0.5161
Kallakurichi,2016,Zaid,0.3882
Kallakurichi,2017,Kharif,0.5321
Kallakurichi,2017,Rabi,0.414
Kallakurichi,2017,Zaid,0.4099
Kallakurichi,2018,Kharif,0.5129
Kallakurichi,2018,Rabi,0.4653
Kallakurichi,2018,Zaid,0.5119
Kallakurichi,2019,Kharif,0.5017
Kallakurichi,2019,Rabi,0.4502
Kallakurichi,2019,Zaid,0.3906
Kallakurichi,2020,Kharif,0.5481
Kallakurichi,2020,Rabi,0.4307
Kallakurichi,2020,Zaid,0.4704
Kallakurichi,2021,Kharif,0.5646
Kallakurichi,2021,Rabi,0.4799
Kallakurichi,2021,Zaid,0.503
Kallakurichi,2022,Kharif,0.5676
Kallakurichi,2022,Rabi,0.539
Kallakurichi,2022,Zaid,0.4591
Kallakurichi,2023,Kharif,0.5583
Kallakurichi,2023,Rabi,0.425
Kallakurichi,2023,Zaid,0.4542
Kancheepuram,2003,Kharif,0.5324
Kancheepuram,2003,Rabi,0.4752
Kancheepuram,2003,Zaid,0.4985
Kancheepuram,2004,Kharif,0.5549
Kancheepuram,2004,Rabi,0.4602
Kancheepuram,2004,Zaid,0.469
Kancheepuram,2005,Kharif,0.4934
Kancheepuram,2005,Rabi,0.472
Kancheepuram,2005,Zaid,0.4903
Kancheepuram,2006,Kharif,0.5299
Kancheepuram,2006,Rabi,0.4287
Kancheepuram,2006,Zaid,0.4171
Kancheepuram,2007,Kharif,0.5421
Kancheepuram,2007,Rabi,0.5476
Kancheepuram,2007,Zaid,0.3911
Kancheepuram,2008,Kharif,0.4676
Kancheepuram,2008,Rabi,0.5827
Kancheepuram,2008,Zaid,0.4317
Kancheepuram,2009,Kharif,0.5298
Kancheepuram,2009,Rabi,0.4711
Kancheepuram,2009,Zaid,0.4613
Kancheepuram,2010,Kharif,0.4911
Kancheepuram,2010,Rabi,0.4375
Kancheepuram,2010,Zaid,0.3851
Kancheepuram,2011,Kharif,0.5641
Kancheepuram,2011,Rabi,0.5274
Kancheepuram,2011,Zaid,0.5122
Kancheepuram,2012,Kharif,0.5078
Kancheepuram,2012,Rabi,0.4367
Kancheepuram,2012,Zaid,0.3984
Kancheepuram,2013,Kharif,0.5775
Kancheepuram,2013,Rabi,0.4764
Kancheepuram,2013,Zaid,0.4233
Kancheepuram,2014,Kharif,0.5565
Kancheepuram,2014,Rabi,0.3785
Kancheepuram,2014,Zaid,0.4335
Kancheepuram,2015,Kharif,0.4749
Kancheepuram,2015,Rabi,0.4594
Kancheepuram,2015,Zaid,0.4432
Kancheepuram,2016,Kharif,0.5629
Kancheepuram,2016,Rabi,0.4685
Kancheepuram,2016,Zaid,0.4694
Kancheepuram,2017,Kharif,0.566
Kancheepuram,2017,Rabi,0.46
Kancheepuram,2017,Zaid,0.5415
Kancheepuram,2018,Kharif,0.5677
Kancheepuram,2018,Rabi,0.4896
Kancheepuram,2018,Zaid,0.4095
Kancheepuram,2019,Kharif,0.5389
Kancheepuram,2019,Rabi,0.4749
Kancheepuram,2019,Zaid,0.4446
Kancheepuram,2020,Kharif,0.5413
Kancheepuram,2020,Rabi,0.4673
Kancheepuram,2020,Zaid,0.4685
Kancheepuram,2021,Kharif,0.5096
Kancheepuram,2021,Rabi,0.4626
Kancheepuram,2021,Zaid,0.4347
Kancheepuram,2022,Kharif,0.4689
Kancheepuram,2022,Rabi,0.4824
Kancheepuram,2022,Zaid,0.4144
Kancheepuram,2023,Kharif,0.4403
Kancheepuram,2023,Rabi,0.4821
Kancheepuram,2023,Zaid,0.4323
Kanyakumari,2003,Kharif,0.6643
Kanyakumari,2003,Rabi,0.5829
Kanyakumari,2003,Zaid,0.5123
Kanyakumari,2004,Kharif,0.7229
Kanyakumari,2004,Rabi,0.608
Kanyakumari,2004,Zaid,0.5638
Kanyakumari,2005,Kharif,0.7299
Kanyakumari,2005,Rabi,0.594
Kanyakumari,2005,Zaid,0.6082
Kanyakumari,2006,Kharif,0.7787
Kanyakumari,2006,Rabi,0.5902
Kanyakumari,2006,Zaid,0.515
Kanyakumari,2007,Kharif,0.656
Kanyakumari,2007,Rabi,0.6161
Kanyakumari,2007,Zaid,0.5233
Kanyakumari,2008,Kharif,0.6143
Kanyakumari,2008,Rabi,0.6349
Kanyakumari,2008,Zaid,0.5726
Kanyakumari,2009,Kharif,0.7004
Kanyakumari,2009,Rabi,0.6591
Kanyakumari,2009,Zaid,0.5065
Kanyakumari,2010,Kharif,0.5765
Kanyakumari,2010,Rabi,0.6213
Kanyakumari,2010,Zaid,0.5071
Kanyakumari,2011,Kharif,0.5876
Kanyakumari,2011,Rabi,0.5958
Kanyakumari,2011,Zaid,0.4947
Kanyakumari,2012,Kharif,0.6554
Kanyakumari,2012,Rabi,0.6596
Kanyakumari,2012,Zaid,0.5918
Kanyakumari,2013,Kharif,0.6554
Kanyakumari,2013,Rabi,0.5856
Kanyakumari,2013,Zaid,0.5767
Kanyakumari,2014,Kharif,0.7263
Kanyakumari,2014,Rabi,0.6014
Kanyakumari,2014,Zaid,0.5732
Kanyakumari,2015,Kharif,0.7248
Kanyakumari,2015,Rabi,0.5986
Kanyakumari,2015,Zaid,0.5978
Kanyakumari,2016,Kharif,0.5873
Kanyakumari,2016,Rabi,0.6121
Kanyakumari,2016,Zaid,0.5472
Kanyakumari,2017,Kharif,0.6853
Kanyakumari,2017,Rabi,0.5485
Kanyakumari,2017,Zaid,0.5548
Kanyakumari,2018,Kharif,0.6518
Kanyakumari,2018,Rabi,0.5968
Kanyakumari,2018,Zaid,0.5916
Kanyakumari,2019,Kharif,0.7059
Kanyakumari,2019,Rabi,0.5884
Kanyakumari,2019,Zaid,0.5682
Kanyakumari,2020,Kharif,0.6642
Kanyakumari,2020,Rabi,0.6236
Kanyakumari,2020,Zaid,0.5818
Kanyakumari,2021,Kharif,0.6597
Kanyakumari,2021,Rabi,0.6177
Kanyakumari,2021,Zaid,0.532
Kanyakumari,2022,Kharif,0.6202
Kanyakumari,2022,Rabi,0.5153
Kanyakumari,2022,Zaid,0.5478
Kanyakumari,2023,Kharif,0.6367
Kanyakumari,2023,Rabi,0.6108
Kanyakumari,2023,Zaid,0.5032
Karur,2003,Kharif,0.5083
Karur,2003,Rabi,0.4956
Karur,2003,Zaid,0.417
Karur,2004,Kharif,0.6054
Karur,2004,Rabi,0.4742
Karur,2004,Zaid,0.4062
Karur,2005,Kharif,0.5821
Karur,2005,Rabi,0.4507
Karur,2005,Zaid,0.4653
Karur,2006,Kharif,0.5716
Karur,2006,Rabi,0.5203
Karur,2006,Zaid,0.4663
Karur,2007,Kharif,0.5236
Karur,2007,Rabi,0.497
Karur,2007,Zaid,0.4786
Karur,2008,Kharif,0.5276
Karur,2008,Rabi,0.4774
Karur,2008,Zaid,0.4943
Karur,2009,Kharif,0.5666
Karur,2009,Rabi,0.5131
Karur,2009,Zaid,0.4331
Karur,2010,Kharif,0.5541
Karur,2010,Rabi,0.51
Karur,2010,Zaid,0.505
Karur,2011,Kharif,0.5161
Karur,2011,Rabi,0.5084
Karur,2011,Zaid,0.4406
Karur,2012,Kharif,0.4805
Karur,2012,Rabi,0.4478
Karur,2012,Zaid,0.4429
Karur,2013,Kharif,0.5945
Karur,2013,Rabi,0.5071
Karur,2013,Zaid,0.3754
Karur,2014,Kharif,0.5546
Karur,2014,Rabi,0.3684
Karur,2014,Zaid,0.4242
Karur,2015,Kharif,0.5599
Karur,2015,Rabi,0.5445
Karur,2015,Zaid,0.4901
Karur,2016,Kharif,0.4927
Karur,2016,Rabi,0.4472
Karur,2016,Zaid,0.4318
Karur,2017,Kharif,0.5526
Karur,2017,Rabi,0.4918
Karur,2017,Zaid,0.3813
Karur,2018,Kharif,0.4903
Karur,2018,Rabi,0.481
Karur,2018,Zaid,0.4193
Karur,2019,Kharif,0.5323
Karur,2019,Rabi,0.4598
Karur,2019,Zaid,0.4425
Karur,2020,Kharif,0.5564
Karur,2020,Rabi,0.4409
Karur,2020,Zaid,0.4642
Karur,2021,Kharif,0.4865
Karur,2021,Rabi,0.4487
Karur,2021,Zaid,0.4588
Karur,2022,Kharif,0.6132
Karur,2022,Rabi,0.4724
Karur,2022,Zaid,0.4151
Karur,2023,Kharif,0.4285
Karur,2023,Rabi,0.5524
Karur,2023,Zaid,0.366
Krishnagiri,2003,Kharif,0.4614
Krishnagiri,2003,Rabi,0.3506
Krishnagiri,2003,Zaid,0.3556
Krishnagiri,2004,Kharif,0.4396
Krishnagiri,2004,Rabi,0.385
Krishnagiri,2004,Zaid,0.3537
Krishnagiri,2005,Kharif,0.4523
Krishnagiri,2005,Rabi,0.3798
Krishnagiri,2005,Zaid,0.3912
Krishnagiri,2006,Kharif,0.5073
Krishnagiri,2006,Rabi,0.3591
Krishnagiri,2006,Zaid,0.3631
Krishnagiri,2007,Kharif,0.442
Krishnagiri,2007,Rabi,0.3868
Krishnagiri,2007,Zaid,0.3322
Krishnagiri,2008,Kharif,0.481
Krishnagiri,2008,Rabi,0.3996
Krishnagiri,2008,Zaid,0.4143
Krishnagiri,2009,Kharif,0.3583
Krishnagiri,2009,Rabi,0.3465
Krishnagiri,2009,Zaid,0.321
Krishnagiri,2010,Kharif,0.3779
Krishnagiri,2010,Rabi,0.4154
Krishnagiri,2010,Zaid,0.347
Krishnagiri,2011,Kharif,0.4396
Krishnagiri,2011,Rabi,0.3668
Krishnagiri,2011,Zaid,0.3446
Krishnagiri,2012,Kharif,0.4654
Krishnagiri,2012,Rabi,0.4195
Krishnagiri,2012,Zaid,0.345
Krishnagiri,2013,Kharif,0.4401
Krishnagiri,2013,Rabi,0.4009
Krishnagiri,2013,Zaid,0.4252
Krishnagiri,2014,Kharif,0.3767
Krishnagiri,2014,Rabi,0.3705
Krishnagiri,2014,Zaid,0.2709
Krishnagiri,2015,Kharif,0.3867
Krishnagiri,2015,Rabi,0.3767
Krishnagiri,2015,Zaid,0.3201
Krishnagiri,2016,Kharif,0.469
Krishnagiri,2016,Rabi,0.3397
Krishnagiri,2016,Zaid,0.3442
Krishnagiri,2017,Kharif,0.3309
Krishnagiri,2017,Rabi,0.3947
Krishnagiri,2017,Zaid,0.3317
Krishnagiri,2018,Kharif,0.4295
Krishnagiri,2018,Rabi,0.4386
Krishnagiri,2018,Zaid,0.3456
Krishnagiri,2019,Kharif,0.4053
Krishnagiri,2019,Rabi,0.272
Krishnagiri,2019,Zaid,0.3733
Krishnagiri,2020,Kharif,0.5098
Krishnagiri,2020,Rabi,0.4094
Krishnagiri,2020,Zaid,0.341
Krishnagiri,2021,Kharif,0.3437
Krishnagiri,2021,Rabi,0.3796
Krishnagiri,2021,Zaid,0.324
Krishnagiri,2022,Kharif,0.3537
Krishnagiri,2022,Rabi,0.3843
Krishnagiri,2022,Zaid,0.3832
Krishnagiri,2023,Kharif,0.3907
Krishnagiri,2023,Rabi,0.3946
Krishnagiri,2023,Zaid,0.3469
Madurai,2003,Kharif,0.3898
Madurai,2003,Rabi,0.3472
Madurai,2003,Zaid,0.2882
Madurai,2004,Kharif,0.4578
Madurai,2004,Rabi,0.3914
Madurai,2004,Zaid,0.3835
Madurai,2005,Kharif,0.4817
Madurai,2005,Rabi,0.4022
Madurai,2005,Zaid,0.3286
Madurai,2006,Kharif,0.4507
Madurai,2006,Rabi,0.2985
Madurai,2006,Zaid,0.391
Madurai,2007,Kharif,0.4092
Madurai,2007,Rabi,0.3726
Madurai,2007,Zaid,0.4068
Madurai,2008,Kharif,0.3571
Madurai,2008,Rabi,0.3167
Madurai,2008,Zaid,0.4108
Madurai,2009,Kharif,0.4074
Madurai,2009,Rabi,0.3726
Madurai,2009,Zaid,0.3014
Madurai,2010,Kharif,0.3525
Madurai,2010,Rabi,0.4481
Madurai,2010,Zaid,0.3257
Madurai,2011,Kharif,0.4364
Madurai,2011,Rabi,0.3347
Madurai,2011,Zaid,0.3405
Madurai,2012,Kharif,0.3632
Madurai,2012,Rabi,0.3218
Madurai,2012,Zaid,0.3382
Madurai,2013,Kharif,0.4817
Madurai,2013,Rabi,0.3849
Madurai,2013,Zaid,0.317
Madurai,2014,Kharif,0.4109
Madurai,2014,Rabi,0.3692
Madurai,2014,Zaid,0.3468
Madurai,2015,Kharif,0.4112
Madurai,2015,Rabi,0.3763
Madurai,2015,Zaid,0.3573
Madurai,2016,Kharif,0.3465
Madurai,2016,Rabi,0.3118
Madurai,2016,Zaid,0.3714
Madurai,2017,Kharif,0.3793
Madurai,2017,Rabi,0.4154
Madurai,2017,Zaid,0.2786
Madurai,2018,Kharif,0.4208
Madurai,2018,Rabi,0.4279
Madurai,2018,Zaid,0.3199
Madurai,2019,Kharif,0.3561
Madurai,2019,Rabi,0.4331
Madurai,2019,Zaid,0.2905
Madurai,2020,Kharif,0.3922
Madurai,2020,Rabi,0.3784
Madurai,2020,Zaid,0.299
Madurai,2021,Kharif,0.4833
Madurai,2021,Rabi,0.4524
Madurai,2021,Zaid,0.4395
Madurai,2022,Kharif,0.3141
Madurai,2022,Rabi,0.3975
Madurai,2022,Zaid,0.3802
Madurai,2023,Kharif,0.3946
Madurai,2023,Rabi,0.3731
Madurai,2023,Zaid,0.2327
Mayiladuthurai,2003,Kharif,0.6571
Mayiladuthurai,2003,Rabi,0.5833
Mayiladuthurai,2003,Zaid,0.6173
Mayiladuthurai,2004,Kharif,0.7054
Mayiladuthurai,2004,Rabi,0.6576
Mayiladuthurai,2004,Zaid,0.5955
Mayiladuthurai,2005,Kharif,0.7138
Mayiladuthurai,2005,Rabi,0.5807
Mayiladuthurai,2005,Zaid,0.5944
Mayiladuthurai,2006,Kharif,0.6457
Mayiladuthurai,2006,Rabi,0.5921
Mayiladuthurai,2006,Zaid,0.5697
Mayiladuthurai,2007,Kharif,0.6554
Mayiladuthurai,2007,Rabi,0.5911
Mayiladuthurai,2007,Zaid,0.5391
Mayiladuthurai,2008,Kharif,0.6754
Mayiladuthurai,2008,Rabi,0.6632
Mayiladuthurai,2008,Zaid,0.5771
Mayiladuthurai,2009,Kharif,0.7082
Mayiladuthurai,2009,Rabi,0.591
Mayiladuthurai,2009,Zaid,0.5555
Mayiladuthurai,2010,Kharif,0.6979
Mayiladuthurai,2010,Rabi,0.5824
Mayiladuthurai,2010,Zaid,0.5845
Mayiladuthurai,2011,Kharif,0.6361
Mayiladuthurai,2011,Rabi,0.5809
Mayiladuthurai,2011,Zaid,0.5292
Mayiladuthurai,2012,Kharif,0.6667
Mayiladuthurai,2012,Rabi,0.6555
Mayiladuthurai,2012,Zaid,0.5595
Mayiladuthurai,2013,Kharif,0.7169
Mayiladuthurai,2013,Rabi,0.6232
Mayiladuthurai,2013,Zaid,0.5443
Mayiladuthurai,2014,Kharif,0.6823
Mayiladuthurai,2014,Rabi,0.5938
Mayiladuthurai,2014,Zaid,0.5869
Mayiladuthurai,2015,Kharif,0.6912
Mayiladuthurai,2015,Rabi,0.5687
Mayiladuthurai,2015,Zaid,0.6191
Mayiladuthurai,2016,Kharif,0.6868
Mayiladuthurai,2016,Rabi,0.5938
Mayiladuthurai,2016,Zaid,0.5594
Mayiladuthurai,2017,Kharif,0.6153
Mayiladuthurai,2017,Rabi,0.6053
Mayiladuthurai,2017,Zaid,0.5666
Mayiladuthurai,2018,Kharif,0.6319
Mayiladuthurai,2018,Rabi,0.6248
Mayiladuthurai,2018,Zaid,0.5832
Mayiladuthurai,2019,Kharif,0.6963
Mayiladuthurai,2019,Rabi,0.5826
Mayiladuthurai,2019,Zaid,0.5212
Mayiladuthurai,2020,Kharif,0.6076
Mayiladuthurai,2020,Rabi,0.5948
Mayiladuthurai,2020,Zaid,0.5331
Mayiladuthurai,2021,Kharif,0.6046
Mayiladuthurai,2021,Rabi,0.621
Mayiladuthurai,2021,Zaid,0.5559
Mayiladuthurai,2022,Kharif,0.6327
Mayiladuthurai,2022,Rabi,0.6416
Mayiladuthurai,2022,Zaid,0.5992
Mayiladuthurai,2023,Kharif,0.6604
Mayiladuthurai,2023,Rabi,0.5738
Mayiladuthurai,2023,Zaid,0.5198
Nagapattinam,2003,Kharif,0.622
Nagapattinam,2003,Rabi,0.6437
Nagapattinam,2003,Zaid,0.498
Nagapattinam,2004,Kharif,0.7012
Nagapattinam,2004,Rabi,0.5554
Nagapattinam,2004,Zaid,0.5579
Nagapattinam,2005,Kharif,0.6204
Nagapattinam,2005,Rabi,0.6474
Nagapattinam,2005,Zaid,0.5636
Nagapattinam,2006,Kharif,0.6802
Nagapattinam,2006,Rabi,0.6071
Nagapattinam,2006,Zaid,0.5628
Nagapattinam,2007,Kharif,0.626
Nagapattinam,2007,Rabi,0.5971
Nagapattinam,2007,Zaid,0.5617
Nagapattinam,2008,Kharif,0.5616
Nagapattinam,2008,Rabi,0.6282
Nagapattinam,2008,Zaid,0.5881
Nagapattinam,2009,Kharif,0.681
Nagapattinam,2009,Rabi,0.5527
Nagapattinam,2009,Zaid,0.6296
Nagapattinam,2010,Kharif,0.6992
Nagapattinam,2010,Rabi,0.647
Nagapattinam,2010,Zaid,0.4883
Nagapattinam,2011,Kharif,0.7237
Nagapattinam,2011,Rabi,0.5741
Nagapattinam,2011,Zaid,0.5169
Nagapattinam,2012,Kharif,0.6847
Nagapattinam,2012,Rabi,0.6161
Nagapattinam,2012,Zaid,0.5624
Nagapattinam,2013,Kharif,0.6666
Nagapattinam,2013,Rabi,0.6926
Nagapattinam,2013,Zaid,0.5269
Nagapattinam,2014,Kharif,0.7162
Nagapattinam,2014,Rabi,0.587
Nagapattinam,2014,Zaid,0.5977
Nagapattinam,2015,Kharif,0.6632
Nagapattinam,2015,Rabi,0.6456
Nagapattinam,2015,Zaid,0.465
Nagapattinam,2016,Kharif,0.683
Nagapattinam,2016,Rabi,0.598
Nagapattinam,2016,Zaid,0.5233
Nagapattinam,2017,Kharif,0.6741
Nagapattinam,2017,Rabi,0.6432
Nagapattinam,2017,Zaid,0.4872
Nagapattinam,2018,Kharif,0.6221
Nagapattinam,2018,Rabi,0.5576
Nagapattinam,2018,Zaid,0.5679
Nagapattinam,2019,Kharif,0.7189
Nagapattinam,2019,Rabi,0.643
Nagapattinam,2019,Zaid,0.4782
Nagapattinam,2020,Kharif,0.6556
Nagapattinam,2020,Rabi,0.6655
Nagapattinam,2020,Zaid,0.5635
Nagapattinam,2021,Kharif,0.6995
Nagapattinam,2021,Rabi,0.5816
Nagapattinam,2021,Zaid,0.5304
Nagapattinam,2022,Kharif,0.6428
Nagapattinam,2022,Rabi,0.5007
Nagapattinam,2022,Zaid,0.5291
Nagapattinam,2023,Kharif,0.6631
Nagapattinam,2023,Rabi,0.5798
Nagapattinam,2023,Zaid,0.5161
Namakkal,2003,Kharif,0.5642
Namakkal,2003,Rabi,0.4896
Namakkal,2003,Zaid,0.3934
Namakkal,2004,Kharif,0.565
Namakkal,2004,Rabi,0.5162
Namakkal,2004,Zaid,0.4998
Namakkal,2005,Kharif,0.5365
Namakkal,2005,Rabi,0.4968
Namakkal,2005,Zaid,0.479
Namakkal,2006,Kharif,0.5365
Namakkal,2006,Rabi,0.5447
Namakkal,2006,Zaid,0.4319
Namakkal,2007,Kharif,0.5828
Namakkal,2007,Rabi,0.5635
Namakkal,2007,Zaid,0.3951
Namakkal,2008,Kharif,0.5438
Namakkal,2008,Rabi,0.4611
Namakkal,2008,Zaid,0.4075
Namakkal,2009,Kharif,0.5522
Namakkal,2009,Rabi,0.4518
Namakkal,2009,Zaid,0.4554
Namakkal,2010,Kharif,0.5452
Namakkal,2010,Rabi,0.447
Namakkal,2010,Zaid,0.5087
Namakkal,2011,Kharif,0.4599
Namakkal,2011,Rabi,0.5554
Namakkal,2011,Zaid,0.3862
Namakkal,2012,Kharif,0.5892
Namakkal,2012,Rabi,0.5043
Namakkal,2012,Zaid,0.5541
Namakkal,2013,Kharif,0.5788
Namakkal,2013,Rabi,0.4575
Namakkal,2013,Zaid,0.5464
Namakkal,2014,Kharif,0.511
Namakkal,2014,Rabi,0.5126
Namakkal,2014,Zaid,0.476
Namakkal,2015,Kharif,0.5576
Namakkal,2015,Rabi,0.5457
Namakkal,2015,Zaid,0.4764
Namakkal,2016,Kharif,0.5429
Namakkal,2016,Rabi,0.5224
Namakkal,2016,Zaid,0.4406
Namakkal,2017,Kharif,0.4415
Namakkal,2017,Rabi,0.3623
Namakkal,2017,Zaid,0.4609
Namakkal,2018,Kharif,0.5553
Namakkal,2018,Rabi,0.4932
Namakkal,2018,Zaid,0.4761
Namakkal,2019,Kharif,0.5772
Namakkal,2019,Rabi,0.4792
Namakkal,2019,Zaid,0.4462
Namakkal,2020,Kharif,0.5661
Namakkal,2020,Rabi,0.4574
Namakkal,2020,Zaid,0.4718
Namakkal,2021,Kharif,0.5038
Namakkal,2021,Rabi,0.471
Namakkal,2021,Zaid,0.4626
Namakkal,2022,Kharif,0.5404
Namakkal,2022,Rabi,0.4945
Namakkal,2022,Zaid,0.4832
Namakkal,2023,Kharif,0.4771
Namakkal,2023,Rabi,0.4131
Namakkal,2023,Zaid,0.4628
Nilgiris,2003,Kharif,0.8184
Nilgiris,2003,Rabi,0.8183
Nilgiris,2003,Zaid,0.6843
Nilgiris,2004,Kharif,0.8726
Nilgiris,2004,Rabi,0.7846
Nilgiris,2004,Zaid,0.6913
Nilgiris,2005,Kharif,0.8319
Nilgiris,2005,Rabi,0.761
Nilgiris,2005,Zaid,0.6368
Nilgiris,2006,Kharif,0.8257
Nilgiris,2006,Rabi,0.6678
Nilgiris,2006,Zaid,0.6936
Nilgiris,2007,Kharif,0.8433
Nilgiris,2007,Rabi,0.7348
Nilgiris,2007,Zaid,0.7072
Nilgiris,2008,Kharif,0.7947
Nilgiris,2008,Rabi,0.7193
Nilgiris,2008,Zaid,0.699
Nilgiris,2009,Kharif,0.7687
Nilgiris,2009,Rabi,0.6541
Nilgiris,2009,Zaid,0.6888
Nilgiris,2010,Kharif,0.8328
Nilgiris,2010,Rabi,0.7749
Nilgiris,2010,Zaid,0.6427
Nilgiris,2011,Kharif,0.8867
Nilgiris,2011,Rabi,0.7461
Nilgiris,2011,Zaid,0.6733
Nilgiris,2012,Kharif,0.744
Nilgiris,2012,Rabi,0.7432
Nilgiris,2012,Zaid,0.7112
Nilgiris,2013,Kharif,0.7704
Nilgiris,2013,Rabi,0.7617
Nilgiris,2013,Zaid,0.6666
Nilgiris,2014,Kharif,0.8414
Nilgiris,2014,Rabi,0.754
Nilgiris,2014,Zaid,0.6536
Nilgiris,2015,Kharif,0.7885
Nilgiris,2015,Rabi,0.7201
Nilgiris,2015,Zaid,0.7727
Nilgiris,2016,Kharif,0.8001
Nilgiris,2016,Rabi,0.6941
Nilgiris,2016,Zaid,0.7433
Nilgiris,2017,Kharif,0.8296
Nilgiris,2017,Rabi,0.6883
Nilgiris,2017,Zaid,0.7109
Nilgiris,2018,Kharif,0.8204
Nilgiris,2018,Rabi,0.725
Nilgiris,2018,Zaid,0.6953
Nilgiris,2019,Kharif,0.8494
Nilgiris,2019,Rabi,0.7373
Nilgiris,2019,Zaid,0.6666
Nilgiris,2020,Kharif,0.8304
Nilgiris,2020,Rabi,0.7474
Nilgiris,2020,Zaid,0.6755
Nilgiris,2021,Kharif,0.8055
Nilgiris,2021,Rabi,0.7484
Nilgiris,2021,Zaid,0.6521
Nilgiris,2022,Kharif,0.8283
Nilgiris,2022,Rabi,0.7324
Nilgiris,2022,Zaid,0.6212
Nilgiris,2023,Kharif,0.8273
Nilgiris,2023,Rabi,0.7105
Nilgiris,2023,Zaid,0.6519
Perambalur,2003,Kharif,0.4381
Perambalur,2003,Rabi,0.4158
Perambalur,2003,Zaid,0.3524
Perambalur,2004,Kharif,0.407
Perambalur,2004,Rabi,0.3915
Perambalur,2004,Zaid,0.3307
Perambalur,2005,Kharif,0.4222
Perambalur,2005,Rabi,0.3007
Perambalur,2005,Zaid,0.287
Perambalur,2006,Kharif,0.4203
Perambalur,2006,Rabi,0.3678
Perambalur,2006,Zaid,0.3553
Perambalur,2007,Kharif,0.4395
Perambalur,2007,Rabi,0.3816
Perambalur,2007,Zaid,0.288
Perambalur,2008,Kharif,0.4439
Perambalur,2008,Rabi,0.3168
Perambalur,2008,Zaid,0.3601
Perambalur,2009,Kharif,0.4055
Perambalur,2009,Rabi,0.357
Perambalur,2009,Zaid,0.3536
Perambalur,2010,Kharif,0.4404
Perambalur,2010,Rabi,0.3553
Perambalur,2010,Zaid,0.3485
Perambalur,2011,Kharif,0.3938
Perambalur,2011,Rabi,0.3897
Perambalur,2011,Zaid,0.3299
Perambalur,2012,Kharif,0.4061
Perambalur,2012,Rabi,0.4047
Perambalur,2012,Zaid,0.2971
Perambalur,2013,Kharif,0.4948
Perambalur,2013,Rabi,0.3237
Perambalur,2013,Zaid,0.255
Perambalur,2014,Kharif,0.3676
Perambalur,2014,Rabi,0.3936
Perambalur,2014,Zaid,0.2727
Perambalur,2015,Kharif,0.4072
Perambalur,2015,Rabi,0.3567
Perambalur,2015,Zaid,0.2859
Perambalur,2016,Kharif,0.3768
Perambalur,2016,Rabi,0.3026
Perambalur,2016,Zaid,0.305
Perambalur,2017,Kharif,0.4579
Perambalur,2017,Rabi,0.3924
Perambalur,2017,Zaid,0.3543
Perambalur,2018,Kharif,0.3772
Perambalur,2018,Rabi,0.3353
Perambalur,2018,Zaid,0.365
Perambalur,2019,Kharif,0.3456
Perambalur,2019,Rabi,0.3472
Perambalur,2019,Zaid,0.3419
Perambalur,2020,Kharif,0.396
Perambalur,2020,Rabi,0.4119
Perambalur,2020,Zaid,0.2926
Perambalur,2021,Kharif,0.4227
Perambalur,2021,Rabi,0.4086
Perambalur,2021,Zaid,0.3837
Perambalur,2022,Kharif,0.3585
Perambalur,2022,Rabi,0.3885
Perambalur,2022,Zaid,0.3116
Perambalur,2023,Kharif,0.3375
Perambalur,2023,Rabi,0.3744
Perambalur,2023,Zaid,0.3764
Pudukkottai,2003,Kharif,0.423
Pudukkottai,2003,Rabi,0.4245
Pudukkottai,2003,Zaid,0.4573
Pudukkottai,2004,Kharif,0.4674
Pudukkottai,2004,Rabi,0.3898
Pudukkottai,2004,Zaid,0.2989
Pudukkottai,2005,Kharif,0.5043
Pudukkottai,2005,Rabi,0.3742
Pudukkottai,2005,Zaid,0.3566
Pudukkottai,2006,Kharif,0.3181
Pudukkottai,2006,Rabi,0.3502
Pudukkottai,2006,Zaid,0.3226
Pudukkottai,2007,Kharif,0.3845
Pudukkottai,2007,Rabi,0.3552
Pudukkottai,2007,Zaid,0.3851
Pudukkottai,2008,Kharif,0.3853
Pudukkottai,2008,Rabi,0.3929
Pudukkottai,2008,Zaid,0.3635
Pudukkottai,2009,Kharif,0.4149
Pudukkottai,2009,Rabi,0.3522
Pudukkottai,2009,Zaid,0.3353
Pudukkottai,2010,Kharif,0.375
Pudukkottai,2010,Rabi,0.2924
Pudukkottai,2010,Zaid,0.2824
Pudukkottai,2011,Kharif,0.4686
Pudukkottai,2011,Rabi,0.3451
Pudukkottai,2011,Zaid,0.3397
Pudukkottai,2012,Kharif,0.3922
Pudukkottai,2012,Rabi,0.387
Pudukkottai,2012,Zaid,0.3094
Pudukkottai,2013,Kharif,0.4667
Pudukkottai,2013,Rabi,0.3342
Pudukkottai,2013,Zaid,0.3778
Pudukkottai,2014,Kharif,0.3999
Pudukkottai,2014,Rabi,0.3665
Pudukkottai,2014,Zaid,0.3178
Pudukkottai,2015,Kharif,0.3819
Pudukkottai,2015,Rabi,0.4165
Pudukkottai,2015,Zaid,0.4138
Pudukkottai,2016,Kharif,0.3991
Pudukkottai,2016,Rabi,0.345
Pudukkottai,2016,Zaid,0.3878
Pudukkottai,2017,Kharif,0.3643
Pudukkottai,2017,Rabi,0.3662
Pudukkottai,2017,Zaid,0.3677
Pudukkottai,2018,Kharif,0.4247
Pudukkottai,2018,Rabi,0.3693
Pudukkottai,2018,Zaid,0.3569
Pudukkottai,2019,Kharif,0.4325
Pudukkottai,2019,Rabi,0.3222
Pudukkottai,2019,Zaid,0.2873
Pudukkottai,2020,Kharif,0.4275
Pudukkottai,2020,Rabi,0.2829
Pudukkottai,2020,Zaid,0.3481
Pudukkottai,2021,Kharif,0.3759
Pudukkottai,2021,Rabi,0.3185
Pudukkottai,2021,Zaid,0.3512
Pudukkottai,2022,Kharif,0.4207
Pudukkottai,2022,Rabi,0.3405
Pudukkottai,2022,Zaid,0.3613
Pudukkottai,2023,Kharif,0.4388
Pudukkottai,2023,Rabi,0.2955
Pudukkottai,2023,Zaid,0.2731
Ramanathapuram,2003,Kharif,0.317
Ramanathapuram,2003,Rabi,0.2534
Ramanathapuram,2003,Zaid,0.2437
Ramanathapuram,2004,Kharif,0.2718
Ramanathapuram,2004,Rabi,0.2837
Ramanathapuram,2004,Zaid,0.2563
Ramanathapuram,2005,Kharif,0.2785
Ramanathapuram,2005,Rabi,0.2334
Ramanathapuram,2005,Zaid,0.2728
Ramanathapuram,2006,Kharif,0.2595
Ramanathapuram,2006,Rabi,0.2915
Ramanathapuram,2006,Zaid,0.2212
Ramanathapuram,2007,Kharif,0.302
Ramanathapuram,2007,Rabi,0.1455
Ramanathapuram,2007,Zaid,0.3173
Ramanathapuram,2008,Kharif,0.3025
Ramanathapuram,2008,Rabi,0.2439
Ramanathapuram,2008,Zaid,0.2762
Ramanathapuram,2009,Kharif,0.2898
Ramanathapuram,2009,Rabi,0.2439
Ramanathapuram,2009,Zaid,0.2814
Ramanathapuram,2010,Kharif,0.3009
Ramanathapuram,2010,Rabi,0.2711
Ramanathapuram,2010,Zaid,0.2078
Ramanathapuram,2011,Kharif,0.3184
Ramanathapuram,2011,Rabi,0.2093
Ramanathapuram,2011,Zaid,0.2666
Ramanathapuram,2012,Kharif,0.2959
Ramanathapuram,2012,Rabi,0.2861
Ramanathapuram,2012,Zaid,0.2864
Ramanathapuram,2013,Kharif,0.2625
Ramanathapuram,2013,Rabi,0.2749
Ramanathapuram,2013,Zaid,0.3205
Ramanathapuram,2014,Kharif,0.2959
Ramanathapuram,2014,Rabi,0.2272
Ramanathapuram,2014,Zaid,0.2214
Ramanathapuram,2015,Kharif,0.2995
Ramanathapuram,2015,Rabi,0.2385
Ramanathapuram,2015,Zaid,0.1371
Ramanathapuram,2016,Kharif,0.3448
Ramanathapuram,2016,Rabi,0.2875
Ramanathapuram,2016,Zaid,0.1671
Ramanathapuram,2017,Kharif,0.2862
Ramanathapuram,2017,Rabi,0.2365
Ramanathapuram,2017,Zaid,0.2335
Ramanathapuram,2018,Kharif,0.271
Ramanathapuram,2018,Rabi,0.2706
Ramanathapuram,2018,Zaid,0.2457
Ramanathapuram,2019,Kharif,0.24
Ramanathapuram,2019,Rabi,0.3209
Ramanathapuram,2019,Zaid,0.2425
Ramanathapuram,2020,Kharif,0.2619
Ramanathapuram,2020,Rabi,0.283
Ramanathapuram,2020,Zaid,0.2086
Ramanathapuram,2021,Kharif,0.242
Ramanathapuram,2021,Rabi,0.213
Ramanathapuram,2021,Zaid,0.2794
Ramanathapuram,2022,Kharif,0.2803
Ramanathapuram,2022,Rabi,0.2415
Ramanathapuram,2022,Zaid,0.2579
Ramanathapuram,2023,Kharif,0.2697
Ramanathapuram,2023,Rabi,0.2567
Ramanathapuram,2023,Zaid,0.2752
Ranipet,2003,Kharif,0.5092
Ranipet,2003,Rabi,0.5295
Ranipet,2003,Zaid,0.4908
Ranipet,2004,Kharif,0.581
Ranipet,2004,Rabi,0.5092
Ranipet,2004,Zaid,0.4607
Ranipet,2005,Kharif,0.5068
Ranipet,2005,Rabi,0.4893
Ranipet,2005,Zaid,0.4279
Ranipet,2006,Kharif,0.5357
Ranipet,2006,Rabi,0.5046
Ranipet,2006,Zaid,0.488
Ranipet,2007,Kharif,0.5255
Ranipet,2007,Rabi,0.4418
Ranipet,2007,Zaid,0.4355
Ranipet,2008,Kharif,0.6153
Ranipet,2008,Rabi,0.5229
Ranipet,2008,Zaid,0.4506
Ranipet,2009,Kharif,0.5129
Ranipet,2009,Rabi,0.516
Ranipet,2009,Zaid,0.4803
Ranipet,2010,Kharif,0.6057
Ranipet,2010,Rabi,0.5695
Ranipet,2010,Zaid,0.4095
Ranipet,2011,Kharif,0.5669
Ranipet,2011,Rabi,0.4638
Ranipet,2011,Zaid,0.4691
Ranipet,2012,Kharif,0.5254
Ranipet,2012,Rabi,0.4845
Ranipet,2012,Zaid,0.458
Ranipet,2013,Kharif,0.5041
Ranipet,2013,Rabi,0.5249
Ranipet,2013,Zaid,0.4605
Ranipet,2014,Kharif,0.6305
Ranipet,2014,Rabi,0.473
Ranipet,2014,Zaid,0.4371
Ranipet,2015,Kharif,0.4487
Ranipet,2015,Rabi,0.5104
Ranipet,2015,Zaid,0.4636
Ranipet,2016,Kharif,0.464
Ranipet,2016,Rabi,0.4714
Ranipet,2016,Zaid,0.4255
Ranipet,2017,Kharif,0.4451
Ranipet,2017,Rabi,0.4127
Ranipet,2017,Zaid,0.3893
Ranipet,2018,Kharif,0.4932
Ranipet,2018,Rabi,0.3583
Ranipet,2018,Zaid,0.4733
Ranipet,2019,Kharif,0.4818
Ranipet,2019,Rabi,0.4143
Ranipet,2019,Zaid,0.5085
Ranipet,2020,Kharif,0.4692
Ranipet,2020,Rabi,0.4734
Ranipet,2020,Zaid,0.3566
Ranipet,2021,Kharif,0.557
Ranipet,2021,Rabi,0.4439
Ranipet,2021,Zaid,0.4257
Ranipet,2022,Kharif,0.5476
Ranipet,2022,Rabi,0.5163
Ranipet,2022,Zaid,0.4554
Ranipet,2023,Kharif,0.5342
Ranipet,2023,Rabi,0.4163
Ranipet,2023,Zaid,0.4773
Salem,2003,Kharif,0.5707
Salem,2003,Rabi,0.6073
Salem,2003,Zaid,0.4557
Salem,2004,Kharif,0.5754
Salem,2004,Rabi,0.5081
Salem,2004,Zaid,0.4526
Salem,2005,Kharif,0.5321
Salem,2005,Rabi,0.4202
Salem,2005,Zaid,0.4648
Salem,2006,Kharif,0.5386
Salem,2006,Rabi,0.4864
Salem,2006,Zaid,0.4459
Salem,2007,Kharif,0.4877
Salem,2007,Rabi,0.5256
Salem,2007,Zaid,0.4775
Salem,2008,Kharif,0.5349
Salem,2008,Rabi,0.4667
Salem,2008,Zaid,0.4367
Salem,2009,Kharif,0.5084
Salem,2009,Rabi,0.5296
Salem,2009,Zaid,0.4305
Salem,2010,Kharif,0.5292
Salem,2010,Rabi,0.4765
Salem,2010,Zaid,0.4187
Salem,2011,Kharif,0.5924
Salem,2011,Rabi,0.447
Salem,2011,Zaid,0.479
Salem,2012,Kharif,0.5447
Salem,2012,Rabi,0.4907
Salem,2012,Zaid,0.4458
Salem,2013,Kharif,0.4805
Salem,2013,Rabi,0.5203
Salem,2013,Zaid,0.4662
Salem,2014,Kharif,0.5316
Salem,2014,Rabi,0.4387
Salem,2014,Zaid,0.4167
Salem,2015,Kharif,0.5127
Salem,2015,Rabi,0.3757
Salem,2015,Zaid,0.4489
Salem,2016,Kharif,0.4787
Salem,2016,Rabi,0.4318
Salem,2016,Zaid,0.4657
Salem,2017,Kharif,0.5596
Salem,2017,Rabi,0.4499
Salem,2017,Zaid,0.4339
Salem,2018,Kharif,0.5518
Salem,2018,Rabi,0.473
Salem,2018,Zaid,0.474
Salem,2019,Kharif,0.5486
Salem,2019,Rabi,0.4856
Salem,2019,Zaid,0.4074
Salem,2020,Kharif,0.5152
Salem,2020,Rabi,0.3381
Salem,2020,Zaid,0.4197
Salem,2021,Kharif,0.5625
Salem,2021,Rabi,0.4604
Salem,2021,Zaid,0.4437
Salem,2022,Kharif,0.468
Salem,2022,Rabi,0.5445
Salem,2022,Zaid,0.3698
Salem,2023,Kharif,0.523
Salem,2023,Rabi,0.4318
Salem,2023,Zaid,0.3743
Sivaganga,2003,Kharif,0.4056
Sivaganga,2003,Rabi,0.4653
Sivaganga,2003,Zaid,0.3687
Sivaganga,2004,Kharif,0.3371
Sivaganga,2004,Rabi,0.3274
Sivaganga,2004,Zaid,0.3268
Sivaganga,2005,Kharif,0.4487
Sivaganga,2005,Rabi,0.3383
Sivaganga,2005,Zaid,0.3384
Sivaganga,2006,Kharif,0.4628
Sivaganga,2006,Rabi,0.3539
Sivaganga,2006,Zaid,0.3353
Sivaganga,2007,Kharif,0.4315
Sivaganga,2007,Rabi,0.3365
Sivaganga,2007,Zaid,0.2961
Sivaganga,2008,Kharif,0.4223
Sivaganga,2008,Rabi,0.3263
Sivaganga,2008,Zaid,0.2708
Sivaganga,2009,Kharif,0.4394
Sivaganga,2009,Rabi,0.3329
Sivaganga,2009,Zaid,0.3302
Sivaganga,2010,Kharif,0.3882
Sivaganga,2010,Rabi,0.3649
Sivaganga,2010,Zaid,0.3153
Sivaganga,2011,Kharif,0.3812
Sivaganga,2011,Rabi,0.4173
Sivaganga,2011,Zaid,0.3542
Sivaganga,2012,Kharif,0.4175
Sivaganga,2012,Rabi,0.3588
Sivaganga,2012,Zaid,0.3571
Sivaganga,2013,Kharif,0.3614
Sivaganga,2013,Rabi,0.3433
Sivaganga,2013,Zaid,0.3224
Sivaganga,2014,Kharif,0.3975
Sivaganga,2014,Rabi,0.3581
Sivaganga,2014,Zaid,0.3158
Sivaganga,2015,Kharif,0.4155
Sivaganga,2015,Rabi,0.3282
Sivaganga,2015,Zaid,0.3673
Sivaganga,2016,Kharif,0.3981
Sivaganga,2016,Rabi,0.3623
Sivaganga,2016,Zaid,0.3079
Sivaganga,2017,Kharif,0.4125
Sivaganga,2017,Rabi,0.3376
Sivaganga,2017,Zaid,0.2968
Sivaganga,2018,Kharif,0.3936
Sivaganga,2018,Rabi,0.3017
Sivaganga,2018,Zaid,0.3643
Sivaganga,2019,Kharif,0.3792
Sivaganga,2019,Rabi,0.4011
Sivaganga,2019,Zaid,0.2476
Sivaganga,2020,Kharif,0.4577
Sivaganga,2020,Rabi,0.3611
Sivaganga,2020,Zaid,0.3217
Sivaganga,2021,Kharif,0.3891
Sivaganga,2021,Rabi,0.3394
Sivaganga,2021,Zaid,0.3525
Sivaganga,2022,Kharif,0.3841
Sivaganga,2022,Rabi,0.4544
Sivaganga,2022,Zaid,0.3656
Sivaganga,2023,Kharif,0.3886
Sivaganga,2023,Rabi,0.3923
Sivaganga,2023,Zaid,0.3181
Tenkasi,2003,Kharif,0.6877
Tenkasi,2003,Rabi,0.6105
Tenkasi,2003,Zaid,0.6192
Tenkasi,2004,Kharif,0.7127
Tenkasi,2004,Rabi,0.5858
Tenkasi,2004,Zaid,0.6077
Tenkasi,2005,Kharif,0.6432
Tenkasi,2005,Rabi,0.6384
Tenkasi,2005,Zaid,0.4745
Tenkasi,2006,Kharif,0.7145
Tenkasi,2006,Rabi,0.5805
Tenkasi,2006,Zaid,0.5234
Tenkasi,2007,Kharif,0.6447
Tenkasi,2007,Rabi,0.5984
Tenkasi,2007,Zaid,0.5955
Tenkasi,2008,Kharif,0.6792
Tenkasi,2008,Rabi,0.5957
Tenkasi,2008,Zaid,0.5796
Tenkasi,2009,Kharif,0.7019
Tenkasi,2009,Rabi,0.6014
Tenkasi,2009,Zaid,0.575
Tenkasi,2010,Kharif,0.6326
Tenkasi,2010,Rabi,0.5908
Tenkasi,2010,Zaid,0.5498
Tenkasi,2011,Kharif,0.6972
Tenkasi,2011,Rabi,0.6482
Tenkasi,2011,Zaid,0.5385
Tenkasi,2012,Kharif,0.6773
Tenkasi,2012,Rabi,0.5896
Tenkasi,2012,Zaid,0.5825
Tenkasi,2013,Kharif,0.5915
Tenkasi,2013,Rabi,0.6227
Tenkasi,2013,Zaid,0.5379
Tenkasi,2014,Kharif,0.7045
Tenkasi,2014,Rabi,0.6285
Tenkasi,2014,Zaid,0.5999
Tenkasi,2015,Kharif,0.7596
Tenkasi,2015,Rabi,0.6755
Tenkasi,2015,Zaid,0.5129
Tenkasi,2016,Kharif,0.5993
Tenkasi,2016,Rabi,0.5639
Tenkasi,2016,Zaid,0.6006
Tenkasi,2017,Kharif,0.6972
Tenkasi,2017,Rabi,0.6028
Tenkasi,2017,Zaid,0.5839
Tenkasi,2018,Kharif,0.7062
Tenkasi,2018,Rabi,0.5627
Tenkasi,2018,Zaid,0.5754
Tenkasi,2019,Kharif,0.6796
Tenkasi,2019,Rabi,0.5955
Tenkasi,2019,Zaid,0.5403
Tenkasi,2020,Kharif,0.6168
Tenkasi,2020,Rabi,0.5129
Tenkasi,2020,Zaid,0.5142
Tenkasi,2021,Kharif,0.7329
Tenkasi,2021,Rabi,0.6312
Tenkasi,2021,Zaid,0.5085
Tenkasi,2022,Kharif,0.6414
Tenkasi,2022,Rabi,0.5707
Tenkasi,2022,Zaid,0.501
Tenkasi,2023,Kharif,0.6898
Tenkasi,2023,Rabi,0.5706
Tenkasi,2023,Zaid,0.5952
Thanjavur,2003,Kharif,0.6414
Thanjavur,2003,Rabi,0.6022
Thanjavur,2003,Zaid,0.5253
Thanjavur,2004,Kharif,0.6921
Thanjavur,2004,Rabi,0.6079
Thanjavur,2004,Zaid,0.53
Thanjavur,2005,Kharif,0.6638
Thanjavur,2005,Rabi,0.6373
Thanjavur,2005,Zaid,0.5566
Thanjavur,2006,Kharif,0.6718
Thanjavur,2006,Rabi,0.5613
Thanjavur,2006,Zaid,0.6564
Thanjavur,2007,Kharif,0.6394
Thanjavur,2007,Rabi,0.6106
Thanjavur,2007,Zaid,0.5576
Thanjavur,2008,Kharif,0.7264
Thanjavur,2008,Rabi,0.6757
Thanjavur,2008,Zaid,0.536
Thanjavur,2009,Kharif,0.621
Thanjavur,2009,Rabi,0.6007
Thanjavur,2009,Zaid,0.4741
Thanjavur,2010,Kharif,0.673
Thanjavur,2010,Rabi,0.6363
Thanjavur,2010,Zaid,0.601
Thanjavur,2011,Kharif,0.6849
Thanjavur,2011,Rabi,0.666
Thanjavur,2011,Zaid,0.5276
Thanjavur,2012,Kharif,0.7181
Thanjavur,2012,Rabi,0.5644
Thanjavur,2012,Zaid,0.6048
Thanjavur,2013,Kharif,0.6306
Thanjavur,2013,Rabi,0.6083
Thanjavur,2013,Zaid,0.6214
Thanjavur,2014,Kharif,0.6984
Thanjavur,2014,Rabi,0.6312
Thanjavur,2014,Zaid,0.6111
Thanjavur,2015,Kharif,0.6452
Thanjavur,2015,Rabi,0.5774
Thanjavur,2015,Zaid,0.6561
Thanjavur,2016,Kharif,0.7392
Thanjavur,2016,Rabi,0.6268
Thanjavur,2016,Zaid,0.4866
Thanjavur,2017,Kharif,0.6406
Thanjavur,2017,Rabi,0.6028
Thanjavur,2017,Zaid,0.5544
Thanjavur,2018,Kharif,0.7652
Thanjavur,2018,Rabi,0.6226
Thanjavur,2018,Zaid,0.4813
Thanjavur,2019,Kharif,0.6873
Thanjavur,2019,Rabi,0.7154
Thanjavur,2019,Zaid,0.5229
Thanjavur,2020,Kharif,0.6815
Thanjavur,2020,Rabi,0.5669
Thanjavur,2020,Zaid,0.5606
Thanjavur,2021,Kharif,0.736
Thanjavur,2021,Rabi,0.5819
Thanjavur,2021,Zaid,0.5342
Thanjavur,2022,Kharif,0.7282
Thanjavur,2022,Rabi,0.5878
Thanjavur,2022,Zaid,0.6019
Thanjavur,2023,Kharif,0.6569
Thanjavur,2023,Rabi,0.5925
Thanjavur,2023,Zaid,0.5639
Theni,2003,Kharif,0.7352
Theni,2003,Rabi,0.6605
Theni,2003,Zaid,0.5708
Theni,2004,Kharif,0.723
Theni,2004,Rabi,0.5959
Theni,2004,Zaid,0.5196
Theni,2005,Kharif,0.6339
Theni,2005,Rabi,0.6141
Theni,2005,Zaid,0.5917
Theni,2006,Kharif,0.617
Theni,2006,Rabi,0.6868
Theni,2006,Zaid,0.524
Theni,2007,Kharif,0.637
Theni,2007,Rabi,0.5662
Theni,2007,Zaid,0.5071
Theni,2008,Kharif,0.6949
Theni,2008,Rabi,0.5842
Theni,2008,Zaid,0.6147
Theni,2009,Kharif,0.6574
Theni,2009,Rabi,0.625
Theni,2009,Zaid,0.5784
Theni,2010,Kharif,0.644
Theni,2010,Rabi,0.5566
Theni,2010,Zaid,0.5326
Theni,2011,Kharif,0.5976
Theni,2011,Rabi,0.5869
Theni,2011,Zaid,0.5873
Theni,2012,Kharif,0.6239
Theni,2012,Rabi,0.5915
Theni,2012,Zaid,0.5472
Theni,2013,Kharif,0.7112
Theni,2013,Rabi,0.5402
Theni,2013,Zaid,0.5637
Theni,2014,Kharif,0.5989
Theni,2014,Rabi,0.5808
Theni,2014,Zaid,0.5792
Theni,2015,Kharif,0.7354
Theni,2015,Rabi,0.6339
Theni,2015,Zaid,0.5391
Theni,2016,Kharif,0.6905
Theni,2016,Rabi,0.5591
Theni,2016,Zaid,0.5277
Theni,2017,Kharif,0.6724
Theni,2017,Rabi,0.6624
Theni,2017,Zaid,0.5686
Theni,2018,Kharif,0.6592
Theni,2018,Rabi,0.5922
Theni,2018,Zaid,0.5462
Theni,2019,Kharif,0.6356
Theni,2019,Rabi,0.6213
Theni,2019,Zaid,0.5793
Theni,2020,Kharif,0.6774
Theni,2020,Rabi,0.5188
Theni,2020,Zaid,0.5986
Theni,2021,Kharif,0.727
Theni,2021,Rabi,0.5946
Theni,2021,Zaid,0.5909
Theni,2022,Kharif,0.622
Theni,2022,Rabi,0.5951
Theni,2022,Zaid,0.5396
Theni,2023,Kharif,0.6465
Theni,2023,Rabi,0.5981
Theni,2023,Zaid,0.5688
Thoothukudi,2003,Kharif,0.2877
Thoothukudi,2003,Rabi,0.2448
Thoothukudi,2003,Zaid,0.2563
Thoothukudi,2004,Kharif,0.3332
Thoothukudi,2004,Rabi,0.2878
Thoothukudi,2004,Zaid,0.2021
Thoothukudi,2005,Kharif,0.2843
Thoothukudi,2005,Rabi,0.221
Thoothukudi,2005,Zaid,0.3178
Thoothukudi,2006,Kharif,0.3304
Thoothukudi,2006,Rabi,0.2008
Thoothukudi,2006,Zaid,0.228
Thoothukudi,2007,Kharif,0.296
Thoothukudi,2007,Rabi,0.2997
Thoothukudi,2007,Zaid,0.2647
Thoothukudi,2008,Kharif,0.3264
Thoothukudi,2008,Rabi,0.3303
Thoothukudi,2008,Zaid,0.245
Thoothukudi,2009,Kharif,0.2689
Thoothukudi,2009,Rabi,0.2323
Thoothukudi,2009,Zaid,0.3049
Thoothukudi,2010,Kharif,0.3196
Thoothukudi,2010,Rabi,0.2697
Thoothukudi,2010,Zaid,0.2815
Thoothukudi,2011,Kharif,0.3075
Thoothukudi,2011,Rabi,0.2563
Thoothukudi,2011,Zaid,0.21
Thoothukudi,2012,Kharif,0.2769
Thoothukudi,2012,Rabi,0.2444
Thoothukudi,2012,Zaid,0.3286
Thoothukudi,2013,Kharif,0.302
Thoothukudi,2013,Rabi,0.3663
Thoothukudi,2013,Zaid,0.2815
Thoothukudi,2014,Kharif,0.2932
Thoothukudi,2014,Rabi,0.2975
Thoothukudi,2014,Zaid,0.2992
Thoothukudi,2015,Kharif,0.2798
Thoothukudi,2015,Rabi,0.1781
Thoothukudi,2015,Zaid,0.2312
Thoothukudi,2016,Kharif,0.2922
Thoothukudi,2016,Rabi,0.3196
Thoothukudi,2016,Zaid,0.1749
Thoothukudi,2017,Kharif,0.2826
Thoothukudi,2017,Rabi,0.2554
Thoothukudi,2017,Zaid,0.2076
Thoothukudi,2018,Kharif,0.2991
Thoothukudi,2018,Rabi,0.2207
Thoothukudi,2018,Zaid,0.2482
Thoothukudi,2019,Kharif,0.2545
Thoothukudi,2019,Rabi,0.2332
Thoothukudi,2019,Zaid,0.2617
Thoothukudi,2020,Kharif,0.2798
Thoothukudi,2020,Rabi,0.2523
Thoothukudi,2020,Zaid,0.2254
Thoothukudi,2021,Kharif,0.2342
Thoothukudi,2021,Rabi,0.2221
Thoothukudi,2021,Zaid,0.2457
Thoothukudi,2022,Kharif,0.2571
Thoothukudi,2022,Rabi,0.2374
Thoothukudi,2022,Zaid,0.1498
Thoothukudi,2023,Kharif,0.3116
Thoothukudi,2023,Rabi,0.2552
Thoothukudi,2023,Zaid,0.236
Tiruchirappalli,2003,Kharif,0.5054
Tiruchirappalli,2003,Rabi,0.5732
Tiruchirappalli,2003,Zaid,0.4651
Tiruchirappalli,2004,Kharif,0.5315
Tiruchirappalli,2004,Rabi,0.4485
Tiruchirappalli,2004,Zaid,0.5003
Tiruchirappalli,2005,Kharif,0.6108
Tiruchirappalli,2005,Rabi,0.5173
Tiruchirappalli,2005,Zaid,0.5055
Tiruchirappalli,2006,Kharif,0.6338
Tiruchirappalli,2006,Rabi,0.4103
Tiruchirappalli,2006,Zaid,0.5619
Tiruchirappalli,2007,Kharif,0.5444
Tiruchirappalli,2007,Rabi,0.4458
Tiruchirappalli,2007,Zaid,0.3859
Tiruchirappalli,2008,Kharif,0.527
Tiruchirappalli,2008,Rabi,0.4989
Tiruchirappalli,2008,Zaid,0.4262
Tiruchirappalli,2009,Kharif,0.5699
Tiruchirappalli,2009,Rabi,0.4337
Tiruchirappalli,2009,Zaid,0.4572
Tiruchirappalli,2010,Kharif,0.5526
Tiruchirappalli,2010,Rabi,0.4959
Tiruchirappalli,2010,Zaid,0.4526
Tiruchirappalli,2011,Kharif,0.5119
Tiruchirappalli,2011,Rabi,0.5346
Tiruchirappalli,2011,Zaid,0.4675
Tiruchirappalli,2012,Kharif,0.4981
Tiruchirappalli,2012,Rabi,0.4777
Tiruchirappalli,2012,Zaid,0.4975
Tiruchirappalli,2013,Kharif,0.5895
Tiruchirappalli,2013,Rabi,0.4695
Tiruchirappalli,2013,Zaid,0.4539
Tiruchirappalli,2014,Kharif,0.4998
Tiruchirappalli,2014,Rabi,0.5007
Tiruchirappalli,2014,Zaid,0.4481
Tiruchirappalli,2015,Kharif,0.5199
Tiruchirappalli,2015,Rabi,0.4577
Tiruchirappalli,2015,Zaid,0.4685
Tiruchirappalli,2016,Kharif,0.5032
Tiruchirappalli,2016,Rabi,0.4711
Tiruchirappalli,2016,Zaid,0.4007
Tiruchirappalli,2017,Kharif,0.5242
Tiruchirappalli,2017,Rabi,0.5703
Tiruchirappalli,2017,Zaid,0.4085
Tiruchirappalli,2018,Kharif,0.523
Tiruchirappalli,2018,Rabi,0.507
Tiruchirappalli,2018,Zaid,0.4544
Tiruchirappalli,2019,Kharif,0.5154
Tiruchirappalli,2019,Rabi,0.4964
Tiruchirappalli,2019,Zaid,0.4644
Tiruchirappalli,2020,Kharif,0.498
Tiruchirappalli,2020,Rabi,0.4584
Tiruchirappalli,2020,Zaid,0.451
Tiruchirappalli,2021,Kharif,0.5573
Tiruchirappalli,2021,Rabi,0.4665
Tiruchirappalli,2021,Zaid,0.4192
Tiruchirappalli,2022,Kharif,0.5887
Tiruchirappalli,2022,Rabi,0.5172
Tiruchirappalli,2022,Zaid,0.4101
Tiruchirappalli,2023,Kharif,0.5162
Tiruchirappalli,2023,Rabi,0.4861
Tiruchirappalli,2023,Zaid,0.4318
Tirunelveli,2003,Kharif,0.5644
Tirunelveli,2003,Rabi,0.5178
Tirunelveli,2003,Zaid,0.4987
Tirunelveli,2004,Kharif,0.6024
Tirunelveli,2004,Rabi,0.5043
Tirunelveli,2004,Zaid,0.4721
Tirunelveli,2005,Kharif,0.5782
Tirunelveli,2005,Rabi,0.4977
Tirunelveli,2005,Zaid,0.4601
Tirunelveli,2006,Kharif,0.5424
Tirunelveli,2006,Rabi,0.5254
Tirunelveli,2006,Zaid,0.5341
Tirunelveli,2007,Kharif,0.4839
Tirunelveli,2007,Rabi,0.5067
Tirunelveli,2007,Zaid,0.4139
Tirunelveli,2008,Kharif,0.5459
Tirunelveli,2008,Rabi,0.4812
Tirunelveli,2008,Zaid,0.453
Tirunelveli,2009,Kharif,0.5361
Tirunelveli,2009,Rabi,0.4657
Tirunelveli,2009,Zaid,0.4833
Tirunelveli,2010,Kharif,0.507
Tirunelveli,2010,Rabi,0.5021
Tirunelveli,2010,Zaid,0.4452
Tirunelveli,2011,Kharif,0.559
Tirunelveli,2011,Rabi,0.4786
Tirunelveli,2011,Zaid,0.4219
Tirunelveli,2012,Kharif,0.5648
Tirunelveli,2012,Rabi,0.4034
Tirunelveli,2012,Zaid,0.5115
Tirunelveli,2013,Kharif,0.6189
Tirunelveli,2013,Rabi,0.4404
Tirunelveli,2013,Zaid,0.4815
Tirunelveli,2014,Kharif,0.5403
Tirunelveli,2014,Rabi,0.4441
Tirunelveli,2014,Zaid,0.4899
Tirunelveli,2015,Kharif,0.5405
Tirunelveli,2015,Rabi,0.4902
Tirunelveli,2015,Zaid,0.4384
Tirunelveli,2016,Kharif,0.6009
Tirunelveli,2016,Rabi,0.4651
Tirunelveli,2016,Zaid,0.4306
Tirunelveli,2017,Kharif,0.5568
Tirunelveli,2017,Rabi,0.4227
Tirunelveli,2017,Zaid,0.4253
Tirunelveli,2018,Kharif,0.4395
Tirunelveli,2018,Rabi,0.5099
Tirunelveli,2018,Zaid,0.4582
Tirunelveli,2019,Kharif,0.5132
Tirunelveli,2019,Rabi,0.5031
Tirunelveli,2019,Zaid,0.4131
Tirunelveli,2020,Kharif,0.5415
Tirunelveli,2020,Rabi,0.4337
Tirunelveli,2020,Zaid,0.4663
Tirunelveli,2021,Kharif,0.5026
Tirunelveli,2021,Rabi,0.516
Tirunelveli,2021,Zaid,0.4341
Tirunelveli,2022,Kharif,0.5148
Tirunelveli,2022,Rabi,0.5273
Tirunelveli,2022,Zaid,0.4394
Tirunelveli,2023,Kharif,0.5104
Tirunelveli,2023,Rabi,0.4619
Tirunelveli,2023,Zaid,0.444
Tirupathur,2003,Kharif,0.4299
Tirupathur,2003,Rabi,0.4112
Tirupathur,2003,Zaid,0.3847
Tirupathur,2004,Kharif,0.4083
Tirupathur,2004,Rabi,0.4308
Tirupathur,2004,Zaid,0.2888
Tirupathur,2005,Kharif,0.4585
Tirupathur,2005,Rabi,0.2442
Tirupathur,2005,Zaid,0.3552
Tirupathur,2006,Kharif,0.4426
Tirupathur,2006,Rabi,0.4157
Tirupathur,2006,Zaid,0.3934
Tirupathur,2007,Kharif,0.412
Tirupathur,2007,Rabi,0.3651
Tirupathur,2007,Zaid,0.3062
Tirupathur,2008,Kharif,0.5281
Tirupathur,2008,Rabi,0.2654
Tirupathur,2008,Zaid,0.3657
Tirupathur,2009,Kharif,0.4532
Tirupathur,2009,Rabi,0.3096
Tirupathur,2009,Zaid,0.3533
Tirupathur,2010,Kharif,0.4924
Tirupathur,2010,Rabi,0.3943
Tirupathur,2010,Zaid,0.3393
Tirupathur,2011,Kharif,0.3779
Tirupathur,2011,Rabi,0.3774
Tirupathur,2011,Zaid,0.2982
Tirupathur,2012,Kharif,0.4103
Tirupathur,2012,Rabi,0.3701
Tirupathur,2012,Zaid,0.3139
Tirupathur,2013,Kharif,0.3958
Tirupathur,2013,Rabi,0.3603
Tirupathur,2013,Zaid,0.3808
Tirupathur,2014,Kharif,0.3978
Tirupathur,2014,Rabi,0.3655
Tirupathur,2014,Zaid,0.3187
Tirupathur,2015,Kharif,0.4241
Tirupathur,2015,Rabi,0.3772
Tirupathur,2015,Zaid,0.3684
Tirupathur,2016,Kharif,0.4379
Tirupathur,2016,Rabi,0.3354
Tirupathur,2016,Zaid,0.2763
Tirupathur,2017,Kharif,0.4204
Tirupathur,2017,Rabi,0.3469
Tirupathur,2017,Zaid,0.3567
Tirupathur,2018,Kharif,0.4128
Tirupathur,2018,Rabi,0.4198
Tirupathur,2018,Zaid,0.3109
Tirupathur,2019,Kharif,0.3467
Tirupathur,2019,Rabi,0.33
Tirupathur,2019,Zaid,0.3259
Tirupathur,2020,Kharif,0.3473
Tirupathur,2020,Rabi,0.3289
Tirupathur,2020,Zaid,0.3322
Tirupathur,2021,Kharif,0.4133
Tirupathur,2021,Rabi,0.3731
Tirupathur,2021,Zaid,0.3102
Tirupathur,2022,Kharif,0.4459
Tirupathur,2022,Rabi,0.3151
Tirupathur,2022,Zaid,0.3306
Tirupathur,2023,Kharif,0.3709
Tirupathur,2023,Rabi,0.3877
Tirupathur,2023,Zaid,0.352
Tiruppur,2003,Kharif,0.5674
Tiruppur,2003,Rabi,0.4661
Tiruppur,2003,Zaid,0.4306
Tiruppur,2004,Kharif,0.595
Tiruppur,2004,Rabi,0.4947
Tiruppur,2004,Zaid,0.516
Tiruppur,2005,Kharif,0.5068
Tiruppur,2005,Rabi,0.4944
Tiruppur,2005,Zaid,0.4815
Tiruppur,2006,Kharif,0.6403
Tiruppur,2006,Rabi,0.5375
Tiruppur,2006,Zaid,0.4445
Tiruppur,2007,Kharif,0.5404
Tiruppur,2007,Rabi,0.5161
Tiruppur,2007,Zaid,0.4391
Tiruppur,2008,Kharif,0.5748
Tiruppur,2008,Rabi,0.5034
Tiruppur,2008,Zaid,0.4284
Tiruppur,2009,Kharif,0.56
Tiruppur,2009,Rabi,0.5215
Tiruppur,2009,Zaid,0.5751
Tiruppur,2010,Kharif,0.4641
Tiruppur,2010,Rabi,0.4741
Tiruppur,2010,Zaid,0.4428
Tiruppur,2011,Kharif,0.5291
Tiruppur,2011,Rabi,0.4997
Tiruppur,2011,Zaid,0.462
Tiruppur,2012,Kharif,0.5632
Tiruppur,2012,Rabi,0.4666
Tiruppur,2012,Zaid,0.4295
Tiruppur,2013,Kharif,0.5385
Tiruppur,2013,Rabi,0.5259
Tiruppur,2013,Zaid,0.3905
Tiruppur,2014,Kharif,0.53
Tiruppur,2014,Rabi,0.4263
Tiruppur,2014,Zaid,0.4811
Tiruppur,2015,Kharif,0.5347
Tiruppur,2015,Rabi,0.4849
Tiruppur,2015,Zaid,0.4119
Tiruppur,2016,Kharif,0.4943
Tiruppur,2016,Rabi,0.4941
Tiruppur,2016,Zaid,0.4598
Tiruppur,2017,Kharif,0.5691
Tiruppur,2017,Rabi,0.5202
Tiruppur,2017,Zaid,0.4245
Tiruppur,2018,Kharif,0.527
Tiruppur,2018,Rabi,0.5443
Tiruppur,2018,Zaid,0.4085
Tiruppur,2019,Kharif,0.5263
Tiruppur,2019,Rabi,0.4318
Tiruppur,2019,Zaid,0.4531
Tiruppur,2020,Kharif,0.4948
Tiruppur,2020,Rabi,0.4693
Tiruppur,2020,Zaid,0.5105
Tiruppur,2021,Kharif,0.5337
Tiruppur,2021,Rabi,0.5321
Tiruppur,2021,Zaid,0.4433
Tiruppur,2022,Kharif,0.4989
Tiruppur,2022,Rabi,0.4819
Tiruppur,2022,Zaid,0.4025
Tiruppur,2023,Kharif,0.5318
Tiruppur,2023,Rabi,0.4818
Tiruppur,2023,Zaid,0.403
Tiruvallur,2003,Kharif,0.5893
Tiruvallur,2003,Rabi,0.5017
Tiruvallur,2003,Zaid,0.4788
Tiruvallur,2004,Kharif,0.545
Tiruvallur,2004,Rabi,0.4193
Tiruvallur,2004,Zaid,0.4158
Tiruvallur,2005,Kharif,0.6114
Tiruvallur,2005,Rabi,0.5408
Tiruvallur,2005,Zaid,0.4934
Tiruvallur,2006,Kharif,0.5594
Tiruvallur,2006,Rabi,0.4666
Tiruvallur,2006,Zaid,0.4568
Tiruvallur,2007,Kharif,0.5173
Tiruvallur,2007,Rabi,0.5197
Tiruvallur,2007,Zaid,0.4554
Tiruvallur,2008,Kharif,0.579
Tiruvallur,2008,Rabi,0.5648
Tiruvallur,2008,Zaid,0.4989
Tiruvallur,2009,Kharif,0.4901
Tiruvallur,2009,Rabi,0.4396
Tiruvallur,2009,Zaid,0.5202
Tiruvallur,2010,Kharif,0.5515
Tiruvallur,2010,Rabi,0.5554
Tiruvallur,2010,Zaid,0.465
Tiruvallur,2011,Kharif,0.5568
Tiruvallur,2011,Rabi,0.4483
Tiruvallur,2011,Zaid,0.4884
Tiruvallur,2012,Kharif,0.5457
Tiruvallur,2012,Rabi,0.4789
Tiruvallur,2012,Zaid,0.4347
Tiruvallur,2013,Kharif,0.5267
Tiruvallur,2013,Rabi,0.4624
Tiruvallur,2013,Zaid,0.452
Tiruvallur,2014,Kharif,0.4875
Tiruvallur,2014,Rabi,0.454
Tiruvallur,2014,Zaid,0.3993
Tiruvallur,2015,Kharif,0.5405
Tiruvallur,2015,Rabi,0.407
Tiruvallur,2015,Zaid,0.4793
Tiruvallur,2016,Kharif,0.5528
Tiruvallur,2016,Rabi,0.4518
Tiruvallur,2016,Zaid,0.5035
Tiruvallur,2017,Kharif,0.5526
Tiruvallur,2017,Rabi,0.4262
Tiruvallur,2017,Zaid,0.424
Tiruvallur,2018,Kharif,0.5432
Tiruvallur,2018,Rabi,0.4325
Tiruvallur,2018,Zaid,0.4336
Tiruvallur,2019,Kharif,0.4928
Tiruvallur,2019,Rabi,0.5134
Tiruvallur,2019,Zaid,0.411
Tiruvallur,2020,Kharif,0.5694
Tiruvallur,2020,Rabi,0.4784
Tiruvallur,2020,Zaid,0.4548
Tiruvallur,2021,Kharif,0.5541
Tiruvallur,2021,Rabi,0.5441
Tiruvallur,2021,Zaid,0.3683
Tiruvallur,2022,Kharif,0.5392
Tiruvallur,2022,Rabi,0.4794
Tiruvallur,2022,Zaid,0.4219
Tiruvallur,2023,Kharif,0.5111
Tiruvallur,2023,Rabi,0.475
Tiruvallur,2023,Zaid,0.3946
Tiruvannamalai,2003,Kharif,0.5294
Tiruvannamalai,2003,Rabi,0.5346
Tiruvannamalai,2003,Zaid,0.5064
Tiruvannamalai,2004,Kharif,0.5186
Tiruvannamalai,2004,Rabi,0.4763
Tiruvannamalai,2004,Zaid,0.4475
Tiruvannamalai,2005,Kharif,0.5668
Tiruvannamalai,2005,Rabi,0.5074
Tiruvannamalai,2005,Zaid,0.3824
Tiruvannamalai,2006,Kharif,0.5357
Tiruvannamalai,2006,Rabi,0.5149
Tiruvannamalai,2006,Zaid,0.423
Tiruvannamalai,2007,Kharif,0.5897
Tiruvannamalai,2007,Rabi,0.4924
Tiruvannamalai,2007,Zaid,0.4534
Tiruvannamalai,2008,Kharif,0.582
Tiruvannamalai,2008,Rabi,0.5586
Tiruvannamalai,2008,Zaid,0.4793
Tiruvannamalai,2009,Kharif,0.5027
Tiruvannamalai,2009,Rabi,0.4769
Tiruvannamalai,2009,Zaid,0.463
Tiruvannamalai,2010,Kharif,0.53
Tiruvannamalai,2010,Rabi,0.4422
Tiruvannamalai,2010,Zaid,0.4357
Tiruvannamalai,2011,Kharif,0.5044
Tiruvannamalai,2011,Rabi,0.5064
Tiruvannamalai,2011,Zaid,0.4994
Tiruvannamalai,2012,Kharif,0.584
Tiruvannamalai,2012,Rabi,0.433
Tiruvannamalai,2012,Zaid,0.4963
Tiruvannamalai,2013,Kharif,0.5032
Tiruvannamalai,2013,Rabi,0.4836
Tiruvannamalai,2013,Zaid,0.4434
Tiruvannamalai,2014,Kharif,0.6229
Tiruvannamalai,2014,Rabi,0.4714
Tiruvannamalai,2014,Zaid,0.4932
Tiruvannamalai,2015,Kharif,0.5218
Tiruvannamalai,2015,Rabi,0.4181
Tiruvannamalai,2015,Zaid,0.4644
Tiruvannamalai,2016,Kharif,0.488
Tiruvannamalai,2016,Rabi,0.407
Tiruvannamalai,2016,Zaid,0.4546
Tiruvannamalai,2017,Kharif,0.5004
Tiruvannamalai,2017,Rabi,0.4818
Tiruvannamalai,2017,Zaid,0.458
Tiruvannamalai,2018,Kharif,0.4626
Tiruvannamalai,2018,Rabi,0.4952
Tiruvannamalai,2018,Zaid,0.4125
Tiruvannamalai,2019,Kharif,0.5265
Tiruvannamalai,2019,Rabi,0.4099
Tiruvannamalai,2019,Zaid,0.4205
Tiruvannamalai,2020,Kharif,0.5534
Tiruvannamalai,2020,Rabi,0.4334
Tiruvannamalai,2020,Zaid,0.4558
Tiruvannamalai,2021,Kharif,0.5274
Tiruvannamalai,2021,Rabi,0.4581
Tiruvannamalai,2021,Zaid,0.3883
Tiruvannamalai,2022,Kharif,0.57
Tiruvannamalai,2022,Rabi,0.551
Tiruvannamalai,2022,Zaid,0.4716
Tiruvannamalai,2023,Kharif,0.4762
Tiruvannamalai,2023,Rabi,0.4601
Tiruvannamalai,2023,Zaid,0.4316
Tiruvarur,2003,Kharif,0.6298
Tiruvarur,2003,Rabi,0.5025
Tiruvarur,2003,Zaid,0.5892
Tiruvarur,2004,Kharif,0.6582
Tiruvarur,2004,Rabi,0.6259
Tiruvarur,2004,Zaid,0.6508
Tiruvarur,2005,Kharif,0.6649
Tiruvarur,2005,Rabi,0.5694
Tiruvarur,2005,Zaid,0.585
Tiruvarur,2006,Kharif,0.6516
Tiruvarur,2006,Rabi,0.6339
Tiruvarur,2006,Zaid,0.5469
Tiruvarur,2007,Kharif,0.7323
Tiruvarur,2007,Rabi,0.5682
Tiruvarur,2007,Zaid,0.5926
Tiruvarur,2008,Kharif,0.7122
Tiruvarur,2008,Rabi,0.5478
Tiruvarur,2008,Zaid,0.6118
Tiruvarur,2009,Kharif,0.6321
Tiruvarur,2009,Rabi,0.6195
Tiruvarur,2009,Zaid,0.5482
Tiruvarur,2010,Kharif,0.6896
Tiruvarur,2010,Rabi,0.6128
Tiruvarur,2010,Zaid,0.5969
Tiruvarur,2011,Kharif,0.6427
Tiruvarur,2011,Rabi,0.6341
Tiruvarur,2011,Zaid,0.6113
Tiruvarur,2012,Kharif,0.6823
Tiruvarur,2012,Rabi,0.6205
Tiruvarur,2012,Zaid,0.5621
Tiruvarur,2013,Kharif,0.6113
Tiruvarur,2013,Rabi,0.6316
Tiruvarur,2013,Zaid,0.5675
Tiruvarur,2014,Kharif,0.621
Tiruvarur,2014,Rabi,0.5405
Tiruvarur,2014,Zaid,0.553
Tiruvarur,2015,Kharif,0.6757
Tiruvarur,2015,Rabi,0.6138
Tiruvarur,2015,Zaid,0.6208
Tiruvarur,2016,Kharif,0.7118
Tiruvarur,2016,Rabi,0.5735
Tiruvarur,2016,Zaid,0.6391
Tiruvarur,2017,Kharif,0.7528
Tiruvarur,2017,Rabi,0.6245
Tiruvarur,2017,Zaid,0.5719
Tiruvarur,2018,Kharif,0.6596
Tiruvarur,2018,Rabi,0.5124
Tiruvarur,2018,Zaid,0.6185
Tiruvarur,2019,Kharif,0.6587
Tiruvarur,2019,Rabi,0.6312
Tiruvarur,2019,Zaid,0.5483
Tiruvarur,2020,Kharif,0.666
Tiruvarur,2020,Rabi,0.6057
Tiruvarur,2020,Zaid,0.5311
Tiruvarur,2021,Kharif,0.6691
Tiruvarur,2021,Rabi,0.5212
Tiruvarur,2021,Zaid,0.5297
Tiruvarur,2022,Kharif,0.634
Tiruvarur,2022,Rabi,0.6116
Tiruvarur,2022,Zaid,0.6057
Tiruvarur,2023,Kharif,0.7142
Tiruvarur,2023,Rabi,0.5798
Tiruvarur,2023,Zaid,0.5803
Vellore,2003,Kharif,0.5147
Vellore,2003,Rabi,0.5092
Vellore,2003,Zaid,0.4471
Vellore,2004,Kharif,0.5329
Vellore,2004,Rabi,0.5196
Vellore,2004,Zaid,0.4467
Vellore,2005,Kharif,0.5297
Vellore,2005,Rabi,0.4604
Vellore,2005,Zaid,0.516
Vellore,2006,Kharif,0.5377
Vellore,2006,Rabi,0.4743
Vellore,2006,Zaid,0.4538
Vellore,2007,Kharif,0.542
Vellore,2007,Rabi,0.508
Vellore,2007,Zaid,0.4359
Vellore,2008,Kharif,0.5321
Vellore,2008,Rabi,0.4942
Vellore,2008,Zaid,0.4709
Vellore,2009,Kharif,0.5435
Vellore,2009,Rabi,0.4057
Vellore,2009,Zaid,0.5159
Vellore,2010,Kharif,0.5503
Vellore,2010,Rabi,0.4011
Vellore,2010,Zaid,0.435
Vellore,2011,Kharif,0.5545
Vellore,2011,Rabi,0.5522
Vellore,2011,Zaid,0.4538
Vellore,2012,Kharif,0.592
Vellore,2012,Rabi,0.4439
Vellore,2012,Zaid,0.4058
Vellore,2013,Kharif,0.4852
Vellore,2013,Rabi,0.562
Vellore,2013,Zaid,0.5053
Vellore,2014,Kharif,0.5574
Vellore,2014,Rabi,0.5317
Vellore,2014,Zaid,0.4417
Vellore,2015,Kharif,0.5657
Vellore,2015,Rabi,0.4636
Vellore,2015,Zaid,0.4411
Vellore,2016,Kharif,0.4488
Vellore,2016,Rabi,0.51
Vellore,2016,Zaid,0.4447
Vellore,2017,Kharif,0.5146
Vellore,2017,Rabi,0.5136
Vellore,2017,Zaid,0.4702
Vellore,2018,Kharif,0.4736
Vellore,2018,Rabi,0.5267
Vellore,2018,Zaid,0.4326
Vellore,2019,Kharif,0.5155
Vellore,2019,Rabi,0.4236
Vellore,2019,Zaid,0.4162
Vellore,2020,Kharif,0.4953
Vellore,2020,Rabi,0.3921
Vellore,2020,Zaid,0.4374
Vellore,2021,Kharif,0.4739
Vellore,2021,Rabi,0.4893
Vellore,2021,Zaid,0.4099
Vellore,2022,Kharif,0.5364
Vellore,2022,Rabi,0.5004
Vellore,2022,Zaid,0.4134
Vellore,2023,Kharif,0.5258
Vellore,2023,Rabi,0.4563
Vellore,2023,Zaid,0.493
Villupuram,2003,Kharif,0.6105
Villupuram,2003,Rabi,0.4745
Villupuram,2003,Zaid,0.4728
Villupuram,2004,Kharif,0.5008
Villupuram,2004,Rabi,0.5105
Villupuram,2004,Zaid,0.4263
Villupuram,2005,Kharif,0.5615
Villupuram,2005,Rabi,0.4311
Villupuram,2005,Zaid,0.4824
Villupuram,2006,Kharif,0.557
Villupuram,2006,Rabi,0.5606
Villupuram,2006,Zaid,0.4555
Villupuram,2007,Kharif,0.568
Villupuram,2007,Rabi,0.5211
Villupuram,2007,Zaid,0.4652
Villupuram,2008,Kharif,0.6131
Villupuram,2008,Rabi,0.4443
Villupuram,2008,Zaid,0.448
Villupuram,2009,Kharif,0.5518
Villupuram,2009,Rabi,0.5665
Villupuram,2009,Zaid,0.4899
Villupuram,2010,Kharif,0.5552
Villupuram,2010,Rabi,0.4247
Villupuram,2010,Zaid,0.4541
Villupuram,2011,Kharif,0.5346
Villupuram,2011,Rabi,0.4544
Villupuram,2011,Zaid,0.4716
Villupuram,2012,Kharif,0.5742
Villupuram,2012,Rabi,0.4871
Villupuram,2012,Zaid,0.4176
Villupuram,2013,Kharif,0.5043
Villupuram,2013,Rabi,0.5304
Villupuram,2013,Zaid,0.4056
Villupuram,2014,Kharif,0.5589
Villupuram,2014,Rabi,0.5586
Villupuram,2014,Zaid,0.5627
Villupuram,2015,Kharif,0.5087
Villupuram,2015,Rabi,0.4728
Villupuram,2015,Zaid,0.3775
Villupuram,2016,Kharif,0.5397
Villupuram,2016,Rabi,0.4895
Villupuram,2016,Zaid,0.3957
Villupuram,2017,Kharif,0.5706
Villupuram,2017,Rabi,0.4508
Villupuram,2017,Zaid,0.5
Villupuram,2018,Kharif,0.5607
Villupuram,2018,Rabi,0.5016
Villupuram,2018,Zaid,0.4853
Villupuram,2019,Kharif,0.5605
Villupuram,2019,Rabi,0.4854
Villupuram,2019,Zaid,0.476
Villupuram,2020,Kharif,0.5082
Villupuram,2020,Rabi,0.4438
Villupuram,2020,Zaid,0.4561
Villupuram,2021,Kharif,0.5524
Villupuram,2021,Rabi,0.4978
Villupuram,2021,Zaid,0.4209
Villupuram,2022,Kharif,0.6152
Villupuram,2022,Rabi,0.5098
Villupuram,2022,Zaid,0.3805
Villupuram,2023,Kharif,0.4673
Villupuram,2023,Rabi,0.4949
Villupuram,2023,Zaid,0.5087
Virudhunagar,2003,Kharif,0.4559
Virudhunagar,2003,Rabi,0.3366
Virudhunagar,2003,Zaid,0.3471
Virudhunagar,2004,Kharif,0.4779
Virudhunagar,2004,Rabi,0.3877
Virudhunagar,2004,Zaid,0.3003
Virudhunagar,2005,Kharif,0.4231
Virudhunagar,2005,Rabi,0.4048
Virudhunagar,2005,Zaid,0.3309
Virudhunagar,2006,Kharif,0.4245
Virudhunagar,2006,Rabi,0.3189
Virudhunagar,2006,Zaid,0.3158
Virudhunagar,2007,Kharif,0.3885
Virudhunagar,2007,Rabi,0.4285
Virudhunagar,2007,Zaid,0.3457
Virudhunagar,2008,Kharif,0.3532
Virudhunagar,2008,Rabi,0.3868
Virudhunagar,2008,Zaid,0.3047
Virudhunagar,2009,Kharif,0.3728
Virudhunagar,2009,Rabi,0.3701
Virudhunagar,2009,Zaid,0.3221
Virudhunagar,2010,Kharif,0.5133
Virudhunagar,2010,Rabi,0.3813
Virudhunagar,2010,Zaid,0.3852
Virudhunagar,2011,Kharif,0.3967
Virudhunagar,2011,Rabi,0.3697
Virudhunagar,2011,Zaid,0.3182
Virudhunagar,2012,Kharif,0.3455
Virudhunagar,2012,Rabi,0.3553
Virudhunagar,2012,Zaid,0.3967
Virudhunagar,2013,Kharif,0.3922
Virudhunagar,2013,Rabi,0.342
Virudhunagar,2013,Zaid,0.3823
Virudhunagar,2014,Kharif,0.3953
Virudhunagar,2014,Rabi,0.4185
Virudhunagar,2014,Zaid,0.3395
Virudhunagar,2015,Kharif,0.3618
Virudhunagar,2015,Rabi,0.3389
Virudhunagar,2015,Zaid,0.3706
Virudhunagar,2016,Kharif,0.4383
Virudhunagar,2016,Rabi,0.3581
Virudhunagar,2016,Zaid,0.3416
Virudhunagar,2017,Kharif,0.4734
Virudhunagar,2017,Rabi,0.3575
Virudhunagar,2017,Zaid,0.3143
Virudhunagar,2018,Kharif,0.4007
Virudhunagar,2018,Rabi,0.4322
Virudhunagar,2018,Zaid,0.3532
Virudhunagar,2019,Kharif,0.3715
Virudhunagar,2019,Rabi,0.3694
Virudhunagar,2019,Zaid,0.3148
Virudhunagar,2020,Kharif,0.3796
Virudhunagar,2020,Rabi,0.3673
Virudhunagar,2020,Zaid,0.3698
Virudhunagar,2021,Kharif,0.3983
Virudhunagar,2021,Rabi,0.3897
Virudhunagar,2021,Zaid,0.3234
Virudhunagar,2022,Kharif,0.3927
Virudhunagar,2022,Rabi,0.3714
Virudhunagar,2022,Zaid,0.2897
Virudhunagar,2023,Kharif,0.372
Virudhunagar,2023,Rabi,0.3343
Virudhunagar,2023,Zaid,0.3088
