district,year,soil_N,soil_P,soil_K,soil_pH
Ariyalur,2003,200.3,16.6,177.1,6.8
Ariyalur,2004,262.3,16.1,164.2,7.11
Ariyalur,2005,240.7,22.8,213.6,7.35
Ariyalur,2006,271.6,17.2,170.4,6.81
Ariyalur,2007,258.6,16.3,197.8,7.15
Ariyalur,2008,250.4,23.7,217.8,7.08
Ariyalur,2009,204.2,24.3,218.2,7.02
Ariyalur,2010,249.3,22.8,176.7,7.49
Ariyalur,2011,204.1,14.9,199.9,7.33
Ariyalur,2012,224.5,15.3,214.0,7.19
Ariyalur,2013,196.5,16.0,170.7,7.37
Ariyalur,2014,258.4,16.8,202.1,7.42
Ariyalur,2015,258.7,20.0,184.4,7.47
Ariyalur,2016,267.6,14.7,156.4,7.53
Ariyalur,2017,195.1,24.0,214.0,7.3
Ariyalur,2018,231.2,25.4,217.9,6.82
Ariyalur,2019,206.7,18.9,181.3,7.48
Ariyalur,2020,204.6,16.3,181.8,7.09
Ariyalur,2021,224.5,15.1,201.5,7.42
Ariyalur,2022,255.3,21.2,183.1,7.43
Ariyalur,2023,239.3,20.7,202.6,6.95
Chengalpattu,2003,239.5,18.4,224.0,7.38
Chengalpattu,2004,254.1,26.3,215.4,7.04
Chengalpattu,2005,231.2,20.1,182.7,7.31
Chengalpattu,2006,223.4,27.1,218.7,7.06
Chengalpattu,2007,251.4,17.2,162.9,6.88
Chengalpattu,2008,212.0,22.0,193.5,7.45
Chengalpattu,2009,262.8,23.4,198.2,7.35
Chengalpattu,2010,196.9,20.2,207.4,6.94
Chengalpattu,2011,239.7,15.1,189.1,7.52
Chengalpattu,2012,257.1,23.5,214.1,6.87
Chengalpattu,2013,248.6,22.9,188.2,7.06
Chengalpattu,2014,240.4,14.5,190.7,7.07
Chengalpattu,2015,214.8,15.8,214.9,7.18
Chengalpattu,2016,223.4,25.6,161.4,7.32
Chengalpattu,2017,218.8,21.3,189.9,7.47
Chengalpattu,2018,197.3,18.7,176.0,7.38
Chengalpattu,2019,223.1,15.0,184.3,7.06
Chengalpattu,2020,246.8,26.0,155.6,7.29
Chengalpattu,2021,191.6,23.2,214.3,6.84
Chengalpattu,2022,235.8,19.6,166.7,7.1
Chengalpattu,2023,204.0,16.8,205.0,7.08
Chennai,2003,224.0,16.0,226.0,7.42
Chennai,2004,220.9,21.4,163.4,7.43
Chennai,2005,266.2,17.9,226.5,7.45
Chennai,2006,261.0,19.6,205.3,7.23
Chennai,2007,219.3,26.9,209.2,7.24
Chennai,2008,209.3,26.1,184.3,7.25
Chennai,2009,209.5,21.2,185.6,6.9
Chennai,2010,253.4,20.3,214.8,7.04
Chennai,2011,225.1,26.9,165.9,7.16
Chennai,2012,237.6,27.1,182.3,7.19
Chennai,2013,225.7,19.3,179.3,7.2
Chennai,2014,245.1,18.1,208.4,7.4
Chennai,2015,268.9,19.9,175.4,7.13
Chennai,2016,223.5,17.9,201.2,7.14
Chennai,2017,204.7,15.7,207.2,7.16
Chennai,2018,235.5,22.5,200.1,7.12
Chennai,2019,227.2,17.8,166.6,7.44
Chennai,2020,209.8,26.0,182.0,6.81
Chennai,2021,256.5,25.3,195.0,7.25
Chennai,2022,262.8,24.1,166.4,7.34
Chennai,2023,243.8,25.3,199.0,7.24
Coimbatore,2003,335.0,35.0,267.7,6.05
Coimbatore,2004,313.9,30.8,279.2,6.04
Coimbatore,2005,279.1,31.8,230.8,5.86
Coimbatore,2006,297.0,24.4,265.0,5.83
Coimbatore,2007,273.0,37.3,275.6,6.05
Coimbatore,2008,320.2,22.1,237.8,5.91
Coimbatore,2009,330.2,35.7,251.7,6.44
Coimbatore,2010,332.9,29.5,238.4,6.72
Coimbatore,2011,305.8,33.5,244.0,6.14
Coimbatore,2012,328.9,22.9,272.1,6.27
Coimbatore,2013,256.7,27.2,220.1,6.22
Coimbatore,2014,307.6,28.8,220.3,6.28
Coimbatore,2015,293.0,31.3,263.6,6.5
Coimbatore,2016,336.3,29.4,219.1,6.34
Coimbatore,2017,308.3,34.1,223.3,6.8
Coimbatore,2018,258.0,21.4,221.7,6.67
Coimbatore,2019,294.4,34.5,203.6,5.81
Coimbatore,2020,319.0,27.1,222.3,6.22
Coimbatore,2021,247.5,33.8,247.2,6.47
Coimbatore,2022,305.8,29.8,218.5,6.45
Coimbatore,2023,307.5,33.5,242.4,6.1
Cuddalore,2003,237.6,22.1,167.2,6.99
Cuddalore,2004,203.7,15.8,168.6,7.34
Cuddalore,2005,224.2,22.5,180.1,7.23
Cuddalore,2006,262.3,20.3,176.3,7.55
Cuddalore,2007,229.3,16.4,202.1,7.03
Cuddalore,2008,275.6,17.7,164.1,7.1
Cuddalore,2009,215.5,20.4,162.7,7.13
Cuddalore,2010,211.3,15.5,169.7,7.38
Cuddalore,2011,219.2,24.0,180.7,7.44
Cuddalore,2012,246.4,25.4,212.9,7.34
Cuddalore,2013,227.1,17.6,201.5,7.16
Cuddalore,2014,267.7,19.6,200.6,7.41
Cuddalore,2015,237.2,16.6,207.2,6.98
Cuddalore,2016,252.2,25.3,208.5,6.99
Cuddalore,2017,254.4,17.7,164.6,7.18
Cuddalore,2018,263.8,16.2,208.7,6.95
Cuddalore,2019,245.4,25.5,156.7,6.81
Cuddalore,2020,260.2,25.9,154.9,7.26
Cuddalore,2021,221.8,21.8,214.0,7.22
Cuddalore,2022,239.4,18.4,167.4,6.82
Cuddalore,2023,241.6,19.4,213.0,7.17
Dharmapuri,2003,273.2,18.6,204.5,7.57
Dharmapuri,2004,206.3,17.4,179.8,7.5
Dharmapuri,2005,231.4,17.4,167.5,6.87
Dharmapuri,2006,244.0,22.1,207.0,6.98
Dharmapuri,2007,227.6,15.5,174.2,7.12
Dharmapuri,2008,206.4,21.7,170.7,7.48
Dharmapuri,2009,222.5,24.8,221.6,7.57
Dharmapuri,2010,256.7,18.6,205.5,7.27
Dharmapuri,2011,267.6,15.6,158.5,7.58
Dharmapuri,2012,248.2,19.2,221.9,7.24
Dharmapuri,2013,257.2,21.1,215.3,7.08
Dharmapuri,2014,248.6,19.1,210.4,6.83
Dharmapuri,2015,228.8,19.3,182.8,7.1
Dharmapuri,2016,209.2,23.9,217.2,7.3
Dharmapuri,2017,239.1,21.5,209.3,7.47
Dharmapuri,2018,231.2,16.1,161.2,7.17
Dharmapuri,2019,242.4,17.2,211.3,7.19
Dharmapuri,2020,194.5,24.7,195.4,7.26
Dharmapuri,2021,227.6,23.1,178.9,7.33
Dharmapuri,2022,195.9,15.1,155.7,7.18
Dharmapuri,2023,208.4,20.6,183.4,7.29
Dindigul,2003,209.2,13.1,180.6,7.4
Dindigul,2004,180.5,16.8,180.3,7.11
Dindigul,2005,215.9,16.6,180.3,7.43
Dindigul,2006,182.2,13.6,181.6,7.92
Dindigul,2007,234.3,20.4,159.3,7.37
Dindigul,2008,205.9,16.0,188.2,7.97
Dindigul,2009,221.4,16.0,138.9,7.75
Dindigul,2010,227.2,14.2,173.5,7.74
Dindigul,2011,188.2,18.9,158.1,7.93
Dindigul,2012,199.7,20.7,158.6,7.05
Dindigul,2013,223.6,14.7,183.8,7.62
Dindigul,2014,210.2,16.2,140.3,7.51
Dindigul,2015,186.0,15.1,187.1,7.16
Dindigul,2016,179.1,12.9,175.2,7.85
Dindigul,2017,237.5,15.1,143.5,7.76
Dindigul,2018,237.2,11.8,155.4,7.51
Dindigul,2019,207.3,12.0,152.1,7.91
Dindigul,2020,232.8,16.1,137.9,7.74
Dindigul,2021,208.9,13.4,163.2,7.28
Dindigul,2022,172.7,11.9,138.5,7.76
Dindigul,2023,184.9,15.2,152.5,7.3
Erode,2003,330.0,23.3,262.2,6.03
Erode,2004,268.1,23.4,281.8,6.03
Erode,2005,299.4,26.4,240.1,6.49
Erode,2006,300.0,27.2,248.9,6.26
Erode,2007,262.0,24.7,230.3,6.38
Erode,2008,307.8,23.1,246.7,6.21
Erode,2009,267.6,21.8,217.8,6.65
Erode,2010,327.2,30.6,277.0,6.74
Erode,2011,322.6,25.5,226.8,6.29
Erode,2012,311.4,21.6,232.8,6.01
Erode,2013,328.0,26.3,253.3,5.89
Erode,2014,331.9,26.6,221.9,6.4
Erode,2015,310.1,23.0,266.1,6.18
Erode,2016,265.1,24.2,220.6,6.8
Erode,2017,251.9,23.6,255.4,6.05
Erode,2018,305.6,21.6,251.1,6.03
Erode,2019,250.8,23.3,201.1,6.08
Erode,2020,330.4,28.1,213.9,5.97
Erode,2021,251.9,31.6,265.7,6.29
Erode,2022,261.4,22.2,200.4,6.5
Erode,2023,281.2,31.1,265.2,6.53
Kallakurichi,2003,263.0,27.8,213.7,6.89
Kallakurichi,2004,224.2,23.3,168.0,7.51
Kallakurichi,2005,238.9,15.1,166.0,6.88
Kallakurichi,2006,265.5,21.1,219.4,7.48
Kallakurichi,2007,204.1,24.5,168.2,7.15
Kallakurichi,2008,201.9,17.0,219.4,6.89
Kallakurichi,2009,221.1,17.9,176.0,7.31
Kallakurichi,2010,221.8,21.2,216.3,7.3
Kallakurichi,2011,219.0,21.9,213.5,7.25
Kallakurichi,2012,218.4,26.4,195.1,7.13
Kallakurichi,2013,205.4,20.6,157.4,7.53
Kallakurichi,2014,209.6,26.1,218.7,6.97
Kallakurichi,2015,196.5,19.0,221.0,6.87
Kallakurichi,2016,253.9,24.0,159.5,6.97
Kallakurichi,2017,246.9,24.5,161.1,7.21
Kallakurichi,2018,213.1,17.3,163.7,7.49
Kallakurichi,2019,242.3,21.4,164.0,7.28
Kallakurichi,2020,201.4,18.1,155.2,6.93
Kallakurichi,2021,196.5,23.1,155.5,7.56
Kallakurichi,2022,246.5,16.4,184.6,6.92
Kallakurichi,2023,216.9,25.0,204.5,7.59
Kancheepuram,2003,253.9,24.5,184.6,6.91
Kancheepuram,2004,200.4,22.3,175.5,6.82
Kancheepuram,2005,212.4,27.1,223.0,7.08
Kancheepuram,2006,213.9,20.9,190.9,6.82
Kancheepuram,2007,199.5,19.4,191.9,7.48
Kancheepuram,2008,252.2,25.9,165.3,7.4
Kancheepuram,2009,267.0,15.8,201.0,7.52
Kancheepuram,2010,267.6,26.5,195.0,7.44
Kancheepuram,2011,231.3,24.1,163.6,7.35
Kancheepuram,2012,227.2,15.3,214.2,7.58
Kancheepuram,2013,269.6,18.6,205.2,7.52
Kancheepuram,2014,246.9,14.7,172.6,7.52
Kancheepuram,2015,247.5,20.3,191.0,7.26
Kancheepuram,2016,246.1,22.2,191.9,6.99
Kancheepuram,2017,216.0,18.5,174.7,7.4
Kancheepuram,2018,218.0,26.6,174.9,6.89
Kancheepuram,2019,259.9,23.1,193.4,6.93
Kancheepuram,2020,219.3,25.4,196.7,7.37
Kancheepuram,2021,200.9,20.1,198.2,7.24
Kancheepuram,2022,225.6,14.8,205.6,6.83
Kancheepuram,2023,221.1,21.8,162.6,7.2
Kanyakumari,2003,214.6,13.0,178.6,7.21
Kanyakumari,2004,225.4,12.7,173.8,7.58
Kanyakumari,2005,212.1,16.6,141.0,7.53
Kanyakumari,2006,242.4,15.1,182.6,7.97
Kanyakumari,2007,215.0,19.0,166.5,7.56
Kanyakumari,2008,205.0,16.1,192.2,7.49
Kanyakumari,2009,233.5,19.3,195.9,7.36
Kanyakumari,2010,178.6,16.3,160.6,7.27
Kanyakumari,2011,236.1,11.7,157.2,7.02
Kanyakumari,2012,175.7,12.9,140.1,7.9
Kanyakumari,2013,224.6,20.2,152.9,7.33
Kanyakumari,2014,177.0,17.2,171.0,7.76
Kanyakumari,2015,219.4,12.0,175.3,7.64
Kanyakumari,2016,201.2,17.2,139.2,7.79
Kanyakumari,2017,178.1,15.1,165.1,7.2
Kanyakumari,2018,226.4,17.8,160.4,7.16
Kanyakumari,2019,207.4,16.3,146.6,7.52
Kanyakumari,2020,182.5,18.5,158.3,7.01
Kanyakumari,2021,208.0,20.3,137.9,7.51
Kanyakumari,2022,212.9,19.3,161.8,7.97
Kanyakumari,2023,210.1,15.6,159.0,7.99
Karur,2003,246.3,21.6,192.9,6.59
Karur,2004,224.4,21.7,214.5,6.78
Karur,2005,281.9,21.3,228.5,6.69
Karur,2006,218.7,25.7,170.2,6.9
Karur,2007,237.2,27.2,210.0,7.3
Karur,2008,245.5,27.7,188.2,6.74
Karur,2009,273.6,26.8,204.6,6.65
Karur,2010,227.9,17.7,221.7,7.04
Karur,2011,263.9,19.7,226.9,6.58
Karur,2012,229.5,26.2,209.6,6.71
Karur,2013,235.6,18.3,177.6,6.76
Karur,2014,275.2,28.2,218.7,6.85
Karur,2015,271.8,27.0,175.3,6.68
Karur,2016,220.9,17.8,227.4,6.76
Karur,2017,236.2,17.9,184.7,7.24
Karur,2018,280.3,18.9,204.7,6.62
Karur,2019,242.1,24.8,190.4,6.53
Karur,2020,281.1,22.3,168.8,6.74
Karur,2021,265.4,26.5,212.0,6.72
Karur,2022,236.6,21.2,205.7,6.52
Karur,2023,245.6,28.1,221.6,7.33
Krishnagiri,2003,263.2,22.8,182.2,7.5
Krishnagiri,2004,257.3,17.0,194.1,7.28
Krishnagiri,2005,205.2,20.3,213.3,6.93
Krishnagiri,2006,210.8,24.1,196.6,7.0
Krishnagiri,2007,201.1,27.6,160.8,7.34
Krishnagiri,2008,246.9,25.7,216.4,7.3
Krishnagiri,2009,207.7,26.0,182.6,7.03
Krishnagiri,2010,234.0,19.6,222.4,7.48
Krishnagiri,2011,219.6,22.0,181.6,7.18
Krishnagiri,2012,247.4,21.3,160.2,6.98
Krishnagiri,2013,231.2,15.2,202.5,7.16
Krishnagiri,2014,242.4,19.1,162.6,6.99
Krishnagiri,2015,251.9,23.1,197.7,6.81
Krishnagiri,2016,246.7,26.5,161.4,6.84
Krishnagiri,2017,200.0,20.4,168.7,6.83
Krishnagiri,2018,241.1,15.5,168.7,7.41
Krishnagiri,2019,263.3,23.0,161.6,7.49
Krishnagiri,2020,256.5,19.0,203.1,7.56
Krishnagiri,2021,225.9,19.5,176.6,6.96
Krishnagiri,2022,205.4,21.8,199.9,7.58
Krishnagiri,2023,223.2,23.7,158.2,7.26
Madurai,2003,235.7,18.6,145.2,7.51
Madurai,2004,204.2,13.3,154.0,7.36
Madurai,2005,215.7,12.9,167.7,7.02
Madurai,2006,188.8,13.2,196.4,7.12
Madurai,2007,181.4,18.6,147.8,7.47
Madurai,2008,221.8,12.8,164.5,7.11
Madurai,2009,236.3,20.0,194.5,7.49
Madurai,2010,178.7,12.1,194.0,7.1
Madurai,2011,186.0,18.4,174.4,7.97
Madurai,2012,176.6,19.7,159.0,7.26
Madurai,2013,178.3,14.5,147.8,7.93
Madurai,2014,205.5,17.5,190.1,7.91
Madurai,2015,185.7,19.1,166.1,7.3
Madurai,2016,192.5,12.8,181.6,7.99
Madurai,2017,227.4,13.9,176.6,7.87
Madurai,2018,231.1,12.5,180.4,7.3
Madurai,2019,187.5,19.9,182.8,7.6
Madurai,2020,195.8,14.3,167.9,7.67
Madurai,2021,227.9,11.4,142.7,7.16
Madurai,2022,207.3,11.7,166.1,7.58
Madurai,2023,233.4,18.9,176.3,7.3
Mayiladuthurai,2003,332.8,34.0,205.8,6.98
Mayiladuthurai,2004,283.0,22.2,246.4,6.69
Mayiladuthurai,2005,294.4,24.4,238.9,7.0
Mayiladuthurai,2006,331.3,29.9,210.1,6.8
Mayiladuthurai,2007,281.4,21.4,274.6,6.78
Mayiladuthurai,2008,315.5,24.6,265.1,6.88
Mayiladuthurai,2009,325.3,28.9,219.1,6.78
Mayiladuthurai,2010,330.0,32.8,197.7,6.96
Mayiladuthurai,2011,309.3,28.9,246.1,6.6
Mayiladuthurai,2012,287.1,20.4,240.5,6.78
Mayiladuthurai,2013,276.1,25.9,268.4,6.64
Mayiladuthurai,2014,311.6,30.4,245.6,6.62
Mayiladuthurai,2015,308.4,20.4,215.2,6.91
Mayiladuthurai,2016,303.7,33.4,261.8,7.0
Mayiladuthurai,2017,298.5,33.0,217.7,6.86
Mayiladuthurai,2018,299.7,27.7,259.2,7.06
Mayiladuthurai,2019,284.8,25.1,210.9,6.76
Mayiladuthurai,2020,284.4,25.4,209.6,7.13
Mayiladuthurai,2021,291.8,31.5,229.5,7.04
Mayiladuthurai,2022,289.6,26.6,217.4,6.69
Mayiladuthurai,2023,290.2,29.2,211.5,6.92
Nagapattinam,2003,280.6,32.6,243.7,6.78
Nagapattinam,2004,327.1,20.8,205.4,7.07
Nagapattinam,2005,284.0,25.5,271.9,6.51
Nagapattinam,2006,321.0,32.8,237.8,6.52
Nagapattinam,2007,279.9,20.0,243.9,6.86
Nagapattinam,2008,292.5,23.6,257.3,6.79
Nagapattinam,2009,321.0,20.0,266.4,7.14
Nagapattinam,2010,313.9,28.3,267.5,6.63
Nagapattinam,2011,291.3,32.6,272.8,6.86
Nagapattinam,2012,293.6,29.1,270.5,7.14
Nagapattinam,2013,315.9,25.4,207.1,6.84
Nagapattinam,2014,302.1,25.9,265.2,6.95
Nagapattinam,2015,298.6,22.6,210.0,6.57
Nagapattinam,2016,307.1,29.7,197.8,6.7
Nagapattinam,2017,305.4,20.5,231.2,6.85
Nagapattinam,2018,311.9,28.4,239.8,6.88
Nagapattinam,2019,304.6,28.4,194.9,7.0
Nagapattinam,2020,317.3,19.8,244.5,6.62
Nagapattinam,2021,313.9,29.4,233.4,6.58
Nagapattinam,2022,273.9,21.3,220.8,7.15
Nagapattinam,2023,314.0,25.9,202.5,6.79
Namakkal,2003,251.6,19.4,231.6,7.02
Namakkal,2004,286.0,29.8,190.7,6.68
Namakkal,2005,267.0,28.1,191.8,6.82
Namakkal,2006,292.0,28.1,201.1,6.51
Namakkal,2007,294.7,25.6,221.3,7.38
Namakkal,2008,235.1,26.9,222.5,6.61
Namakkal,2009,233.6,18.0,213.6,6.99
Namakkal,2010,245.1,27.2,216.3,7.18
Namakkal,2011,287.3,24.7,184.9,6.64
Namakkal,2012,238.0,26.0,229.7,6.96
Namakkal,2013,289.8,29.1,200.4,6.83
Namakkal,2014,286.7,20.4,196.4,7.34
Namakkal,2015,215.7,21.4,181.6,6.81
Namakkal,2016,234.7,17.5,195.0,6.75
Namakkal,2017,213.3,24.8,171.5,7.3
Namakkal,2018,263.3,18.8,194.9,7.04
Namakkal,2019,274.3,17.2,212.4,7.1
Namakkal,2020,249.3,27.3,215.5,6.59
Namakkal,2021,222.1,27.6,164.2,7.3
Namakkal,2022,220.5,22.9,185.5,7.15
Namakkal,2023,255.6,20.7,172.3,7.01
Nilgiris,2003,268.0,22.3,224.6,6.32
Nilgiris,2004,348.8,25.7,257.6,6.54
Nilgiris,2005,293.9,30.8,272.4,6.54
Nilgiris,2006,275.8,34.6,222.7,6.21
Nilgiris,2007,266.0,32.1,232.7,6.09
Nilgiris,2008,274.3,34.7,243.0,6.61
Nilgiris,2009,261.3,27.6,215.4,6.07
Nilgiris,2010,312.3,24.2,212.3,6.58
Nilgiris,2011,275.9,21.7,225.0,6.31
Nilgiris,2012,267.4,29.6,266.0,5.98
Nilgiris,2013,275.6,27.3,262.3,5.96
Nilgiris,2014,282.6,31.1,203.7,5.86
Nilgiris,2015,332.3,30.4,276.1,6.75
Nilgiris,2016,314.2,24.7,239.3,6.16
Nilgiris,2017,318.2,33.8,226.4,6.45
Nilgiris,2018,272.9,25.6,271.3,6.65
Nilgiris,2019,333.2,29.3,226.9,6.46
Nilgiris,2020,280.7,28.6,230.6,6.41
Nilgiris,2021,287.3,29.0,215.2,5.8
Nilgiris,2022,254.9,28.3,224.0,5.84
Nilgiris,2023,290.1,21.0,246.8,6.51
Perambalur,2003,260.4,27.8,230.3,7.16
Perambalur,2004,240.0,24.1,193.1,6.83
Perambalur,2005,266.4,23.1,176.5,6.55
Perambalur,2006,280.6,26.5,183.4,6.7
Perambalur,2007,241.6,25.5,229.9,6.59
Perambalur,2008,283.6,29.5,176.9,6.6
Perambalur,2009,279.7,19.9,189.3,6.82
Perambalur,2010,232.5,22.6,233.5,6.6
Perambalur,2011,262.1,27.9,179.6,6.81
Perambalur,2012,261.8,28.9,222.9,7.06
Perambalur,2013,261.3,28.3,202.7,7.17
Perambalur,2014,234.7,18.0,193.5,6.75
Perambalur,2015,277.3,20.9,183.2,7.26
Perambalur,2016,275.4,17.9,208.2,7.36
Perambalur,2017,259.0,20.2,215.1,7.35
Perambalur,2018,237.5,25.5,194.2,7.16
Perambalur,2019,282.4,17.7,188.4,7.05
Perambalur,2020,210.4,24.0,187.1,7.17
Perambalur,2021,226.4,20.9,194.4,7.29
Perambalur,2022,267.5,20.4,194.9,6.86
Perambalur,2023,257.8,28.1,186.1,6.95
Pudukkottai,2003,198.3,16.3,148.7,7.04
Pudukkottai,2004,238.2,13.5,141.1,7.51
Pudukkottai,2005,248.3,12.0,149.8,7.71
Pudukkottai,2006,215.3,21.3,162.3,7.87
Pudukkottai,2007,228.5,17.1,186.4,7.73
Pudukkottai,2008,195.1,19.8,138.1,7.61
Pudukkottai,2009,180.6,14.7,139.9,7.62
Pudukkottai,2010,185.9,19.1,142.9,7.46
Pudukkottai,2011,232.0,20.0,163.7,7.18
Pudukkottai,2012,219.0,19.1,178.3,7.09
Pudukkottai,2013,240.9,15.0,147.1,7.9
Pudukkottai,2014,212.3,21.2,183.8,7.04
Pudukkottai,2015,220.4,20.0,166.2,7.23
Pudukkottai,2016,204.0,20.4,184.8,7.46
Pudukkottai,2017,212.7,14.6,155.6,7.69
Pudukkottai,2018,237.8,16.9,146.3,7.3
Pudukkottai,2019,230.3,17.6,181.9,7.34
Pudukkottai,2020,173.3,14.3,177.7,7.49
Pudukkottai,2021,193.4,19.2,142.2,7.28
Pudukkottai,2022,202.8,14.5,133.0,7.63
Pudukkottai,2023,228.7,17.1,136.8,7.85
Ramanathapuram,2003,233.6,19.8,180.1,7.18
Ramanathapuram,2004,219.3,15.7,182.9,7.62
Ramanathapuram,2005,212.2,18.2,168.4,7.79
Ramanathapuram,2006,206.8,15.6,181.8,7.85
Ramanathapuram,2007,245.0,15.7,174.0,7.83
Ramanathapuram,2008,245.8,15.2,140.4,7.08
Ramanathapuram,2009,187.4,20.2,172.9,7.54
Ramanathapuram,2010,198.5,16.0,176.1,7.11
Ramanathapuram,2011,219.3,18.6,178.6,7.42
Ramanathapuram,2012,178.2,16.0,179.3,7.19
Ramanathapuram,2013,196.6,19.1,170.5,7.53
Ramanathapuram,2014,210.0,15.0,173.2,7.97
Ramanathapuram,2015,235.5,13.0,154.5,7.35
Ramanathapuram,2016,191.2,18.3,142.0,7.61
Ramanathapuram,2017,224.6,11.8,145.4,7.7
Ramanathapuram,2018,238.7,14.9,174.8,7.67
Ramanathapuram,2019,177.2,17.6,146.7,7.63
Ramanathapuram,2020,224.4,16.4,159.2,7.16
Ramanathapuram,2021,224.0,12.1,160.2,7.74
Ramanathapuram,2022,214.5,18.0,175.4,7.84
Ramanathapuram,2023,230.0,12.7,173.2,7.01
Ranipet,2003,266.0,17.7,218.9,7.38
Ranipet,2004,209.7,24.0,173.2,7.16
Ranipet,2005,227.4,19.4,226.0,7.06
Ranipet,2006,277.1,21.7,207.0,7.2
Ranipet,2007,214.6,15.6,182.0,7.48
Ranipet,2008,207.7,25.2,219.3,7.32
Ranipet,2009,263.3,24.6,216.4,7.6
Ranipet,2010,272.7,25.2,198.2,7.37
Ranipet,2011,250.4,17.4,184.8,7.59
Ranipet,2012,201.2,24.3,207.9,6.95
Ranipet,2013,215.4,25.9,172.9,6.96
Ranipet,2014,215.7,20.9,171.7,7.19
Ranipet,2015,218.8,20.4,170.4,7.46
Ranipet,2016,202.3,19.7,208.1,7.26
Ranipet,2017,197.6,22.0,188.4,7.17
Ranipet,2018,228.5,19.6,197.7,7.16
Ranipet,2019,209.3,25.6,169.2,7.21
Ranipet,2020,253.3,16.3,153.9,7.12
Ranipet,2021,246.8,19.9,197.3,7.58
Ranipet,2022,189.8,21.0,203.0,7.27
Ranipet,2023,204.1,24.7,207.8,7.06
Salem,2003,271.3,24.8,203.8,6.64
Salem,2004,249.3,27.6,202.2,6.92
Salem,2005,264.2,26.7,227.0,6.74
Salem,2006,229.2,25.0,183.0,7.17
Salem,2007,219.0,29.4,169.3,6.73
Salem,2008,287.2,24.2,235.4,7.02
Salem,2009,241.9,20.9,185.8,7.02
Salem,2010,277.9,21.2,176.3,6.88
Salem,2011,283.4,24.4,209.8,6.76
Salem,2012,284.7,22.6,192.2,6.83
Salem,2013,241.8,19.2,195.5,7.22
Salem,2014,230.0,19.9,184.7,7.06
Salem,2015,241.2,21.4,171.5,6.95
Salem,2016,269.6,27.1,191.3,6.61
Salem,2017,253.1,22.0,224.4,7.38
Salem,2018,234.5,26.3,206.3,6.59
Salem,2019,211.1,19.4,227.0,7.37
Salem,2020,279.8,26.3,191.8,7.13
Salem,2021,248.0,24.8,190.7,7.15
Salem,2022,248.3,17.1,217.9,6.85
Salem,2023,276.5,19.3,186.5,7.11
Sivaganga,2003,210.8,12.6,163.0,7.61
Sivaganga,2004,245.7,18.9,197.5,7.48
Sivaganga,2005,199.7,14.3,164.3,7.49
Sivaganga,2006,241.3,20.6,173.7,7.58
Sivaganga,2007,223.2,12.7,151.2,7.76
Sivaganga,2008,178.1,13.0,192.7,7.69
Sivaganga,2009,197.0,13.6,137.6,7.82
Sivaganga,2010,199.0,14.2,148.7,7.94
Sivaganga,2011,218.8,18.2,168.5,7.2
Sivaganga,2012,215.5,17.5,193.1,7.2
Sivaganga,2013,229.5,11.8,166.7,7.19
Sivaganga,2014,229.9,13.1,154.2,7.61
Sivaganga,2015,225.1,15.2,145.3,7.66
Sivaganga,2016,190.2,11.7,187.1,7.75
Sivaganga,2017,176.4,13.7,162.1,8.0
Sivaganga,2018,191.3,18.4,183.9,7.58
Sivaganga,2019,192.0,17.9,146.6,7.76
Sivaganga,2020,225.8,13.5,134.1,7.09
Sivaganga,2021,232.1,15.2,171.4,7.82
Sivaganga,2022,191.0,16.4,161.1,7.34
Sivaganga,2023,212.1,12.4,176.0,7.11
Tenkasi,2003,197.8,21.2,198.0,7.0
Tenkasi,2004,236.6,14.4,189.0,7.94
Tenkasi,2005,179.2,15.6,156.0,7.74
Tenkasi,2006,210.1,18.7,185.3,7.7
Tenkasi,2007,243.1,18.6,181.9,7.72
Tenkasi,2008,178.2,14.9,174.3,7.45
Tenkasi,2009,242.4,14.5,166.3,7.56
Tenkasi,2010,177.8,13.9,151.9,7.76
Tenkasi,2011,189.9,16.7,139.0,7.79
Tenkasi,2012,185.1,13.2,143.8,7.41
Tenkasi,2013,189.8,20.6,140.1,7.46
Tenkasi,2014,202.9,15.5,169.4,7.12
Tenkasi,2015,192.8,17.4,140.4,7.7
Tenkasi,2016,175.5,14.8,176.7,7.53
Tenkasi,2017,185.4,17.9,171.7,7.36
Tenkasi,2018,192.9,18.1,140.6,7.75
Tenkasi,2019,173.6,14.5,173.9,7.25
Tenkasi,2020,188.2,18.6,142.4,7.85
Tenkasi,2021,191.8,18.8,177.1,7.93
Tenkasi,2022,200.6,17.9,181.8,7.63
Tenkasi,2023,174.5,16.7,183.0,7.17
Thanjavur,2003,282.5,26.2,215.7,6.68
Thanjavur,2004,300.7,26.3,244.3,7.09
Thanjavur,2005,307.0,20.4,243.9,6.63
Thanjavur,2006,294.8,27.1,274.0,7.02
Thanjavur,2007,326.4,33.4,271.9,7.02
Thanjavur,2008,300.8,22.7,222.3,6.8
Thanjavur,2009,287.3,29.0,254.4,6.54
Thanjavur,2010,278.8,28.8,225.3,6.74
Thanjavur,2011,316.3,22.6,237.8,7.04
Thanjavur,2012,287.0,23.4,202.5,6.68
Thanjavur,2013,286.4,32.1,259.0,6.71
Thanjavur,2014,272.6,29.7,248.5,7.09
Thanjavur,2015,290.3,33.3,235.2,7.02
Thanjavur,2016,270.5,30.7,263.9,6.59
Thanjavur,2017,315.7,21.3,192.9,6.66
Thanjavur,2018,290.9,32.5,244.9,6.75
Thanjavur,2019,302.3,20.2,226.7,7.05
Thanjavur,2020,292.5,25.7,244.3,7.06
Thanjavur,2021,306.9,25.6,194.1,6.85
Thanjavur,2022,319.3,32.1,220.8,6.93
Thanjavur,2023,277.1,25.0,254.1,6.79
Theni,2003,205.3,17.4,187.3,7.03
Theni,2004,187.3,17.1,188.8,7.83
Theni,2005,204.2,21.3,187.3,7.87
Theni,2006,240.9,19.8,161.1,7.36
Theni,2007,222.5,13.2,180.5,7.13
Theni,2008,214.2,18.4,146.3,7.07
Theni,2009,227.0,12.9,144.0,7.79
Theni,2010,210.8,19.5,183.6,7.73
Theni,2011,233.6,20.4,158.4,7.33
Theni,2012,196.3,19.5,155.5,7.38
Theni,2013,177.2,19.2,137.3,7.77
Theni,2014,224.5,12.2,149.3,7.21
Theni,2015,236.1,20.5,190.3,7.7
Theni,2016,195.2,16.5,146.4,7.36
Theni,2017,211.3,13.7,134.8,7.47
Theni,2018,186.5,14.1,179.1,7.56
Theni,2019,232.5,13.4,168.3,7.18
Theni,2020,216.3,14.4,145.4,7.16
Theni,2021,227.1,17.1,142.1,7.11
Theni,2022,219.5,17.3,144.4,7.78
Theni,2023,215.5,18.1,147.2,7.52
Thoothukudi,2003,193.1,13.2,162.3,7.2
Thoothukudi,2004,244.1,13.9,147.3,7.83
Thoothukudi,2005,224.0,19.8,190.7,7.03
Thoothukudi,2006,191.8,19.1,152.4,7.28
Thoothukudi,2007,192.7,17.5,158.2,7.22
Thoothukudi,2008,181.6,13.4,138.4,7.74
Thoothukudi,2009,221.9,12.5,195.6,7.04
Thoothukudi,2010,208.0,15.8,181.3,7.83
Thoothukudi,2011,227.8,15.6,173.4,7.96
Thoothukudi,2012,232.8,20.3,142.0,7.47
Thoothukudi,2013,199.8,14.1,163.6,7.5
Thoothukudi,2014,237.6,21.1,144.9,7.07
Thoothukudi,2015,228.8,12.2,171.2,7.32
Thoothukudi,2016,186.9,14.7,139.4,7.27
Thoothukudi,2017,176.4,16.7,134.2,7.58
Thoothukudi,2018,205.0,17.8,162.3,7.28
Thoothukudi,2019,176.9,16.9,158.3,7.77
Thoothukudi,2020,181.8,19.0,172.1,7.85
Thoothukudi,2021,225.6,12.9,155.0,8.0
Thoothukudi,2022,221.7,12.6,176.4,7.12
Thoothukudi,2023,212.8,19.9,172.2,7.82
Tiruchirappalli,2003,293.4,19.4,220.3,7.13
Tiruchirappalli,2004,257.8,26.1,171.0,7.21
Tiruchirappalli,2005,248.8,22.2,181.6,6.66
Tiruchirappalli,2006,231.6,28.5,234.2,7.02
Tiruchirappalli,2007,289.1,24.8,177.8,6.61
Tiruchirappalli,2008,239.0,19.6,184.3,6.86
Tiruchirappalli,2009,292.8,26.7,216.8,6.77
Tiruchirappalli,2010,292.8,27.3,219.8,6.62
Tiruchirappalli,2011,243.2,18.8,166.6,6.98
Tiruchirappalli,2012,267.5,29.2,233.1,6.53
Tiruchirappalli,2013,280.7,28.2,231.9,7.35
Tiruchirappalli,2014,260.1,24.7,227.1,6.95
Tiruchirappalli,2015,258.1,22.5,222.5,6.71
Tiruchirappalli,2016,253.2,25.1,211.5,7.05
Tiruchirappalli,2017,246.2,19.7,189.7,6.77
Tiruchirappalli,2018,210.4,17.7,213.9,6.73
Tiruchirappalli,2019,266.9,20.9,204.3,6.87
Tiruchirappalli,2020,229.3,27.0,210.6,6.93
Tiruchirappalli,2021,244.6,21.2,218.6,6.72
Tiruchirappalli,2022,220.7,21.7,171.8,7.22
Tiruchirappalli,2023,250.3,26.1,187.6,6.96
Tirunelveli,2003,229.4,15.4,194.8,7.59
Tirunelveli,2004,235.4,14.2,179.6,7.07
Tirunelveli,2005,246.7,15.8,193.0,7.03
Tirunelveli,2006,210.2,17.3,152.9,8.0
Tirunelveli,2007,228.5,13.0,175.0,7.86
Tirunelveli,2008,180.3,21.2,151.4,7.18
Tirunelveli,2009,183.5,15.0,195.0,7.14
Tirunelveli,2010,198.8,19.8,188.7,7.51
Tirunelveli,2011,184.4,20.3,153.1,7.11
Tirunelveli,2012,213.2,17.4,159.0,7.54
Tirunelveli,2013,176.3,14.5,172.5,7.35
Tirunelveli,2014,196.7,16.1,148.0,7.36
Tirunelveli,2015,184.9,18.0,187.2,7.31
Tirunelveli,2016,188.5,15.4,171.9,7.44
Tirunelveli,2017,184.3,18.7,151.7,7.78
Tirunelveli,2018,228.2,14.5,188.1,7.96
Tirunelveli,2019,235.6,13.8,156.4,7.85
Tirunelveli,2020,180.1,17.7,172.4,7.82
Tirunelveli,2021,212.1,15.8,137.6,7.24
Tirunelveli,2022,182.0,14.8,180.0,7.56
Tirunelveli,2023,215.0,16.7,136.3,7.32
Tirupathur,2003,236.1,15.5,160.6,7.26
Tirupathur,2004,265.4,25.5,225.8,7.22
Tirupathur,2005,262.7,27.7,172.2,6.92
Tirupathur,2006,240.1,15.7,175.8,7.05
Tirupathur,2007,255.6,21.3,174.4,7.0
Tirupathur,2008,222.4,24.7,210.9,7.49
Tirupathur,2009,259.4,22.0,184.8,7.49
Tirupathur,2010,197.8,25.4,215.7,7.4
Tirupathur,2011,248.6,23.3,193.5,7.34
Tirupathur,2012,263.3,23.6,220.0,7.02
Tirupathur,2013,200.0,17.7,216.2,7.28
Tirupathur,2014,244.8,21.2,155.9,7.42
Tirupathur,2015,199.7,15.5,189.4,7.11
Tirupathur,2016,245.7,19.3,163.4,7.09
Tirupathur,2017,197.9,21.9,178.8,7.41
Tirupathur,2018,207.6,18.1,208.1,7.32
Tirupathur,2019,260.7,17.7,185.0,6.81
Tirupathur,2020,222.1,14.9,190.8,7.56
Tirupathur,2021,220.7,26.1,201.6,7.59
Tirupathur,2022,203.1,15.4,202.0,6.88
Tirupathur,2023,246.1,14.3,152.7,7.38
Tiruppur,2003,334.1,22.3,273.6,6.69
Tiruppur,2004,303.2,31.3,279.1,6.79
Tiruppur,2005,278.8,34.4,271.5,5.99
Tiruppur,2006,267.6,21.8,221.5,5.98
Tiruppur,2007,318.6,37.5,268.0,6.52
Tiruppur,2008,317.9,34.2,274.0,6.63
Tiruppur,2009,329.8,27.8,273.5,6.55
Tiruppur,2010,313.6,32.2,227.3,6.28
Tiruppur,2011,275.6,34.6,233.3,6.78
Tiruppur,2012,275.2,24.1,217.6,6.58
Tiruppur,2013,279.8,22.7,237.2,6.03
Tiruppur,2014,332.3,30.2,230.2,6.36
Tiruppur,2015,300.8,26.0,269.5,5.95
Tiruppur,2016,267.4,24.7,275.2,5.92
Tiruppur,2017,302.8,32.6,228.5,6.29
Tiruppur,2018,267.5,28.6,250.4,6.3
Tiruppur,2019,322.1,29.6,204.3,6.1
Tiruppur,2020,252.9,28.3,249.1,6.31
Tiruppur,2021,329.9,22.7,225.6,6.42
Tiruppur,2022,323.2,33.2,226.0,6.65
Tiruppur,2023,288.3,31.2,215.4,6.7
Tiruvallur,2003,230.4,16.5,185.1,7.13
Tiruvallur,2004,257.1,23.6,174.0,7.55
Tiruvallur,2005,266.0,19.3,212.8,7.52
Tiruvallur,2006,212.5,25.7,158.6,7.0
Tiruvallur,2007,263.0,21.2,206.8,7.58
Tiruvallur,2008,211.7,24.3,181.0,7.09
Tiruvallur,2009,233.3,19.2,205.1,7.05
Tiruvallur,2010,218.1,25.1,218.5,7.38
Tiruvallur,2011,247.4,25.4,181.2,7.08
Tiruvallur,2012,211.7,15.9,214.5,7.09
Tiruvallur,2013,244.8,25.0,192.8,7.21
Tiruvallur,2014,229.8,19.4,176.6,7.38
Tiruvallur,2015,242.2,24.9,155.5,7.25
Tiruvallur,2016,234.0,25.9,207.3,6.84
Tiruvallur,2017,206.5,16.3,207.4,7.44
Tiruvallur,2018,196.7,23.7,197.4,7.18
Tiruvallur,2019,215.9,25.9,155.9,7.03
Tiruvallur,2020,214.8,22.3,187.5,7.0
Tiruvallur,2021,226.4,19.0,179.7,6.99
Tiruvallur,2022,232.3,21.5,167.0,7.0
Tiruvallur,2023,236.6,17.4,172.4,7.38
Tiruvannamalai,2003,227.6,18.4,218.0,7.33
Tiruvannamalai,2004,214.1,17.9,205.5,7.39
Tiruvannamalai,2005,245.8,17.5,190.9,7.27
Tiruvannamalai,2006,268.1,21.4,208.9,7.37
Tiruvannamalai,2007,275.1,25.4,188.6,7.4
Tiruvannamalai,2008,273.2,16.2,222.3,7.22
Tiruvannamalai,2009,225.2,17.8,190.4,7.0
Tiruvannamalai,2010,218.1,23.2,203.6,7.1
Tiruvannamalai,2011,214.3,23.0,162.1,6.97
Tiruvannamalai,2012,261.8,26.3,158.4,6.91
Tiruvannamalai,2013,266.3,17.3,217.3,6.97
Tiruvannamalai,2014,221.6,17.2,215.6,6.87
Tiruvannamalai,2015,267.8,15.0,181.5,7.12
Tiruvannamalai,2016,196.0,15.4,188.4,6.93
Tiruvannamalai,2017,226.3,14.7,157.6,6.84
Tiruvannamalai,2018,203.9,17.4,156.2,7.17
Tiruvannamalai,2019,240.0,15.1,203.4,7.18
Tiruvannamalai,2020,206.9,19.4,213.7,7.14
Tiruvannamalai,2021,239.3,18.0,200.5,7.38
Tiruvannamalai,2022,248.6,25.6,176.7,7.48
Tiruvannamalai,2023,209.9,17.4,171.2,7.53
Tiruvarur,2003,328.3,23.6,271.9,6.7
Tiruvarur,2004,303.5,22.4,265.7,7.13
Tiruvarur,2005,325.8,34.5,250.7,6.63
Tiruvarur,2006,332.5,27.7,206.1,6.59
Tiruvarur,2007,309.8,27.7,265.3,6.84
Tiruvarur,2008,276.6,20.2,213.9,7.19
Tiruvarur,2009,291.9,27.2,225.5,7.05
Tiruvarur,2010,289.8,29.2,240.3,7.07
Tiruvarur,2011,281.3,30.9,230.4,6.6
Tiruvarur,2012,309.7,20.2,217.6,6.96
Tiruvarur,2013,272.3,32.0,242.7,6.68
Tiruvarur,2014,318.6,33.1,206.3,7.09
Tiruvarur,2015,304.6,20.8,225.8,6.85
Tiruvarur,2016,299.5,32.1,241.8,6.84
Tiruvarur,2017,298.4,19.6,209.2,7.02
Tiruvarur,2018,274.8,25.6,258.9,7.1
Tiruvarur,2019,276.0,23.0,249.8,7.09
Tiruvarur,2020,302.5,20.8,232.4,6.58
Tiruvarur,2021,315.4,20.2,216.3,7.14
Tiruvarur,2022,316.6,31.3,217.4,6.74
Tiruvarur,2023,287.9,20.7,239.3,6.79
Vellore,2003,225.2,25.6,175.4,7.2
Vellore,2004,204.4,25.4,173.9,7.3
Vellore,2005,212.7,20.7,173.1,6.84
Vellore,2006,239.6,26.6,180.3,7.57
Vellore,2007,205.6,15.6,206.4,7.19
Vellore,2008,216.9,19.7,165.2,7.2
Vellore,2009,265.5,24.1,201.2,7.43
Vellore,2010,223.3,16.5,167.8,7.23
Vellore,2011,210.3,21.4,191.3,7.56
Vellore,2012,207.4,23.3,198.9,6.81
Vellore,2013,197.5,25.7,182.2,6.84
Vellore,2014,246.6,19.3,218.2,7.58
Vellore,2015,254.6,26.3,217.0,7.28
Vellore,2016,242.2,15.2,181.1,7.41
Vellore,2017,219.8,18.7,154.3,7.13
Vellore,2018,192.6,20.7,178.3,7.46
Vellore,2019,204.3,26.6,174.1,7.27
Vellore,2020,237.4,26.3,161.1,7.49
Vellore,2021,255.3,19.7,160.9,6.92
Vellore,2022,230.4,18.6,205.6,6.82
Vellore,2023,205.7,23.7,208.3,6.95
Villupuram,2003,241.0,26.9,226.8,6.96
Villupuram,2004,272.7,22.8,215.2,7.35
Villupuram,2005,215.1,19.1,190.3,7.21
Villupuram,2006,260.5,16.1,181.0,7.1
Villupuram,2007,241.9,20.6,214.4,7.58
Villupuram,2008,257.2,25.3,208.3,7.02
Villupuram,2009,239.7,20.9,198.2,7.4
Villupuram,2010,209.5,21.7,184.3,6.83
Villupuram,2011,269.3,18.2,185.1,7.31
Villupuram,2012,264.4,20.2,166.2,7.24
Villupuram,2013,211.2,20.0,169.4,6.97
Villupuram,2014,215.3,26.8,214.2,7.11
Villupuram,2015,232.1,23.3,187.2,6.9
Villupuram,2016,256.3,14.5,193.2,6.91
Villupuram,2017,197.0,15.1,176.5,7.31
Villupuram,2018,217.7,18.9,213.6,7.21
Villupuram,2019,195.4,15.9,175.5,7.16
Villupuram,2020,237.2,22.1,194.3,7.11
Villupuram,2021,260.9,25.6,211.5,6.88
Villupuram,2022,197.3,23.4,192.0,7.27
Villupuram,2023,228.9,19.3,213.2,7.3
Virudhunagar,2003,223.6,18.6,164.6,7.5
Virudhunagar,2004,187.4,20.7,188.2,7.93
Virudhunagar,2005,179.5,15.9,172.8,7.57
Virudhunagar,2006,190.3,17.7,197.3,7.68
Virudhunagar,2007,236.8,15.7,187.8,7.77
Virudhunagar,2008,243.9,13.9,153.8,7.5
Virudhunagar,2009,212.3,18.2,141.3,7.51
Virudhunagar,2010,220.6,18.4,148.9,7.4
Virudhunagar,2011,194.4,18.2,171.1,7.54
Virudhunagar,2012,194.2,12.5,174.5,7.04
Virudhunagar,2013,227.4,19.4,173.4,7.61
Virudhunagar,2014,217.8,18.6,174.6,7.62
Virudhunagar,2015,200.1,18.5,142.2,7.66
Virudhunagar,2016,196.2,20.7,151.3,7.53
Virudhunagar,2017,208.0,12.4,144.5,7.25
Virudhunagar,2018,180.1,12.7,133.7,7.37
Virudhunagar,2019,190.3,16.9,162.8,7.15
Virudhunagar,2020,231.4,13.6,178.8,7.78
Virudhunagar,2021,172.7,12.8,135.5,7.33
Virudhunagar,2022,171.1,19.6,150.0,7.57
Virudhunagar,2023,179.5,16.4,164.9,7.82
