district,year,rainfall_mm,temp_avg_c
Ariyalur,2003,932.4,28.77
Ariyalur,2004,965.5,30.44
Ariyalur,2005,929.6,28.98
Ariyalur,2006,629.2,29.55
Ariyalur,2007,880.2,28.93
Ariyalur,2008,1227.5,29.49
Ariyalur,2009,862.6,29.21
Ariyalur,2010,1137.3,29.52
Ariyalur,2011,807.0,29.96
Ariyalur,2012,973.9,29.19
Ariyalur,2013,1075.3,29.74
Ariyalur,2014,763.0,29.25
Ariyalur,2015,814.8,29.37
Ariyalur,2016,960.2,29.12
Ariyalur,2017,1101.9,30.15
Ariyalur,2018,949.1,29.65
Ariyalur,2019,826.9,29.51
Ariyalur,2020,1168.0,29.61
Ariyalur,2021,957.4,28.99
Ariyalur,2022,1034.8,29.22
Ariyalur,2023,679.0,29.35
Chengalpattu,2003,1037.4,30.3
Chengalpattu,2004,1074.4,28.81
Chengalpattu,2005,803.3,29.26
Chengalpattu,2006,836.4,29.43
Chengalpattu,2007,700.6,29.31
Chengalpattu,2008,1104.0,29.4
Chengalpattu,2009,1117.5,28.68
Chengalpattu,2010,891.1,29.34
Chengalpattu,2011,460.7,30.3
Chengalpattu,2012,694.7,29.55
Chengalpattu,2013,1119.1,29.36
Chengalpattu,2014,769.6,29.12
Chengalpattu,2015,815.3,29.99
Chengalpattu,2016,710.6,29.15
Chengalpattu,2017,900.2,29.19
Chengalpattu,2018,869.3,29.51
Chengalpattu,2019,806.5,29.96
Chengalpattu,2020,942.8,30.21
Chengalpattu,2021,772.6,29.5
Chengalpattu,2022,1088.0,29.67
Chengalpattu,2023,934.9,29.24
Chennai,2003,1128.3,29.2
Chennai,2004,824.4,28.87
Chennai,2005,916.3,29.56
Chennai,2006,568.2,30.07
Chennai,2007,1082.5,29.93
Chennai,2008,976.5,29.04
Chennai,2009,849.9,30.04
Chennai,2010,658.6,29.44
Chennai,2011,684.9,29.91
Chennai,2012,765.4,29.21
Chennai,2013,1053.2,29.18
Chennai,2014,854.7,29.09
Chennai,2015,655.0,28.93
Chennai,2016,735.6,29.7
Chennai,2017,977.3,29.5
Chennai,2018,783.9,30.11
Chennai,2019,823.6,30.25
Chennai,2020,1051.5,29.53
Chennai,2021,929.4,29.94
Chennai,2022,845.7,29.2
Chennai,2023,893.4,29.77
Coimbatore,2003,1826.4,25.65
Coimbatore,2004,1811.6,25.45
Coimbatore,2005,1906.2,25.9
Coimbatore,2006,961.5,26.58
Coimbatore,2007,1485.3,25.96
Coimbatore,2008,1514.9,25.89
Coimbatore,2009,1292.1,26.09
Coimbatore,2010,1426.6,25.85
Coimbatore,2011,1114.3,26.1
Coimbatore,2012,880.4,25.88
Coimbatore,2013,1777.9,25.47
Coimbatore,2014,1487.4,26.33
Coimbatore,2015,1145.8,26.24
Coimbatore,2016,1340.0,25.55
Coimbatore,2017,1579.6,26.8
Coimbatore,2018,1320.3,26.46
Coimbatore,2019,877.2,25.63
Coimbatore,2020,1700.2,26.3
Coimbatore,2021,1614.1,26.52
Coimbatore,2022,983.3,26.2
Coimbatore,2023,1176.1,25.54
Cuddalore,2003,1168.8,28.68
Cuddalore,2004,1394.6,29.0
Cuddalore,2005,1521.0,29.21
Cuddalore,2006,963.9,30.19
Cuddalore,2007,1497.4,29.16
Cuddalore,2008,1528.9,29.75
Cuddalore,2009,1570.5,29.54
Cuddalore,2010,1365.9,29.65
Cuddalore,2011,1010.2,29.64
Cuddalore,2012,1347.6,29.84
Cuddalore,2013,1371.5,29.97
Cuddalore,2014,1040.0,29.78
Cuddalore,2015,1571.1,29.24
Cuddalore,2016,1594.4,29.29
Cuddalore,2017,1590.7,30.08
Cuddalore,2018,1040.0,29.7
Cuddalore,2019,833.4,29.15
Cuddalore,2020,1904.7,29.72
Cuddalore,2021,1366.7,29.06
Cuddalore,2022,1511.6,29.86
Cuddalore,2023,1233.5,29.82
Dharmapuri,2003,423.0,29.09
Dharmapuri,2004,604.8,28.9
Dharmapuri,2005,639.0,29.01
Dharmapuri,2006,430.0,29.82
Dharmapuri,2007,708.9,29.49
Dharmapuri,2008,744.4,30.02
Dharmapuri,2009,888.5,29.45
Dharmapuri,2010,459.0,30.14
Dharmapuri,2011,476.9,29.21
Dharmapuri,2012,608.3,29.43
Dharmapuri,2013,668.5,29.31
Dharmapuri,2014,483.4,29.4
Dharmapuri,2015,587.3,29.02
Dharmapuri,2016,771.8,29.22
Dharmapuri,2017,818.9,29.64
Dharmapuri,2018,630.2,29.82
Dharmapuri,2019,466.8,29.65
Dharmapuri,2020,839.8,30.3
Dharmapuri,2021,593.3,29.75
Dharmapuri,2022,872.7,29.86
Dharmapuri,2023,416.2,29.51
Dindigul,2003,1003.9,29.85
Dindigul,2004,984.5,29.92
Dindigul,2005,1193.7,30.4
Dindigul,2006,820.0,29.39
Dindigul,2007,1061.4,29.23
Dindigul,2008,985.3,29.79
Dindigul,2009,826.8,29.67
Dindigul,2010,844.2,31.01
Dindigul,2011,666.5,29.43
Dindigul,2012,848.1,29.89
Dindigul,2013,770.4,30.03
Dindigul,2014,741.2,30.34
Dindigul,2015,802.2,30.28
Dindigul,2016,690.6,30.19
Dindigul,2017,869.4,30.02
Dindigul,2018,1017.5,30.09
Dindigul,2019,1214.9,29.93
Dindigul,2020,900.7,29.96
Dindigul,2021,721.0,30.02
Dindigul,2022,937.9,30.04
Dindigul,2023,950.5,29.89
Erode,2003,1112.8,25.71
Erode,2004,918.4,26.09
Erode,2005,1070.1,25.72
Erode,2006,845.2,25.79
Erode,2007,703.1,25.5
Erode,2008,947.9,26.04
Erode,2009,966.7,26.33
Erode,2010,1059.7,25.45
Erode,2011,1209.9,25.02
Erode,2012,966.9,26.51
Erode,2013,1040.4,25.94
Erode,2014,973.9,26.47
Erode,2015,929.7,26.35
Erode,2016,1026.3,25.64
Erode,2017,992.5,26.68
Erode,2018,892.5,26.23
Erode,2019,1211.5,26.08
Erode,2020,689.3,26.49
Erode,2021,851.4,25.54
Erode,2022,895.8,26.26
Erode,2023,796.7,26.08
Kallakurichi,2003,800.9,29.3
Kallakurichi,2004,972.0,29.17
Kallakurichi,2005,981.0,29.66
Kallakurichi,2006,1129.3,28.91
Kallakurichi,2007,630.0,29.84
Kallakurichi,2008,905.5,29.26
Kallakurichi,2009,854.3,29.9
Kallakurichi,2010,984.2,29.21
Kallakurichi,2011,1060.5,29.5
Kallakurichi,2012,917.4,28.87
Kallakurichi,2013,849.9,30.03
Kallakurichi,2014,895.3,29.76
Kallakurichi,2015,905.3,29.09
Kallakurichi,2016,1211.2,30.07
Kallakurichi,2017,1072.4,29.39
Kallakurichi,2018,872.4,29.84
Kallakurichi,2019,1118.7,29.51
Kallakurichi,2020,939.6,29.93
Kallakurichi,2021,964.5,29.36
Kallakurichi,2022,1103.1,29.65
Kallakurichi,2023,726.2,29.2
Kancheepuram,2003,634.5,29.32
Kancheepuram,2004,959.3,29.74
Kancheepuram,2005,1200.2,29.73
Kancheepuram,2006,846.1,28.92
Kancheepuram,2007,1119.7,29.29
Kancheepuram,2008,848.6,29.16
Kancheepuram,2009,906.6,29.75
Kancheepuram,2010,705.7,29.27
Kancheepuram,2011,724.4,29.21
Kancheepuram,2012,954.2,30.16
Kancheepuram,2013,1180.9,29.19
Kancheepuram,2014,642.2,29.44
Kancheepuram,2015,544.2,29.34
Kancheepuram,2016,1019.5,30.07
Kancheepuram,2017,886.5,29.32
Kancheepuram,2018,1034.2,28.67
Kancheepuram,2019,746.6,29.79
Kancheepuram,2020,845.3,29.63
Kancheepuram,2021,798.5,29.8
Kancheepuram,2022,883.4,30.01
Kancheepuram,2023,785.4,30.03
Kanyakumari,2003,974.1,29.88
Kanyakumari,2004,1279.5,29.79
Kanyakumari,2005,1721.1,29.93
Kanyakumari,2006,1489.3,29.91
Kanyakumari,2007,1135.6,30.58
Kanyakumari,2008,1211.1,29.64
Kanyakumari,2009,1284.3,29.3
Kanyakumari,2010,1009.7,29.64
Kanyakumari,2011,1277.3,29.95
Kanyakumari,2012,1582.4,29.57
Kanyakumari,2013,1692.7,29.99
Kanyakumari,2014,1166.0,29.93
Kanyakumari,2015,1426.2,30.08
Kanyakumari,2016,1393.7,30.28
Kanyakumari,2017,1531.9,29.85
Kanyakumari,2018,1239.2,30.01
Kanyakumari,2019,969.9,29.33
Kanyakumari,2020,1552.8,29.62
Kanyakumari,2021,1419.9,29.8
Kanyakumari,2022,1522.1,29.77
Kanyakumari,2023,1414.6,30.23
Karur,2003,853.9,30.31
Karur,2004,950.9,30.3
Karur,2005,836.4,30.94
Karur,2006,707.2,30.5
Karur,2007,668.6,30.88
Karur,2008,1044.4,31.09
Karur,2009,625.9,30.98
Karur,2010,690.8,30.65
Karur,2011,704.6,30.8
Karur,2012,1141.8,30.29
Karur,2013,1140.3,30.44
Karur,2014,821.2,30.93
Karur,2015,801.8,30.46
Karur,2016,809.3,30.47
Karur,2017,1282.0,29.96
Karur,2018,534.6,30.85
Karur,2019,859.5,30.73
Karur,2020,1201.0,30.4
Karur,2021,1257.2,30.79
Karur,2022,1059.9,30.74
Karur,2023,628.3,29.57
Krishnagiri,2003,680.7,29.36
Krishnagiri,2004,830.3,29.52
Krishnagiri,2005,641.7,30.01
Krishnagiri,2006,516.2,29.85
Krishnagiri,2007,739.4,28.61
Krishnagiri,2008,644.7,29.36
Krishnagiri,2009,766.0,28.9
Krishnagiri,2010,694.7,29.15
Krishnagiri,2011,561.4,29.41
Krishnagiri,2012,599.3,30.33
Krishnagiri,2013,699.6,30.23
Krishnagiri,2014,503.6,29.32
Krishnagiri,2015,575.6,29.52
Krishnagiri,2016,687.5,29.95
Krishnagiri,2017,640.8,29.77
Krishnagiri,2018,524.2,29.93
Krishnagiri,2019,522.9,29.73
Krishnagiri,2020,734.0,30.12
Krishnagiri,2021,577.2,30.38
Krishnagiri,2022,719.1,29.5
Krishnagiri,2023,685.5,29.86
Madurai,2003,561.2,30.55
Madurai,2004,552.4,29.92
Madurai,2005,729.1,30.38
Madurai,2006,309.4,30.65
Madurai,2007,536.9,30.25
Madurai,2008,783.8,30.22
Madurai,2009,697.6,30.66
Madurai,2010,273.1,29.9
Madurai,2011,489.9,30.31
Madurai,2012,609.9,29.73
Madurai,2013,538.0,29.97
Madurai,2014,799.0,30.2
Madurai,2015,486.0,29.81
Madurai,2016,741.5,30.39
Madurai,2017,550.1,29.49
Madurai,2018,669.5,30.04
Madurai,2019,558.8,29.88
Madurai,2020,792.7,30.72
Madurai,2021,721.3,30.82
Madurai,2022,600.1,29.71
Madurai,2023,648.7,29.66
Mayiladuthurai,2003,1284.8,29.13
Mayiladuthurai,2004,1334.0,28.66
Mayiladuthurai,2005,1451.9,28.82
Mayiladuthurai,2006,1893.6,29.57
Mayiladuthurai,2007,1576.0,28.89
Mayiladuthurai,2008,1933.9,29.39
Mayiladuthurai,2009,1606.8,28.84
Mayiladuthurai,2010,1572.3,29.28
Mayiladuthurai,2011,1259.4,28.61
Mayiladuthurai,2012,1319.0,29.36
Mayiladuthurai,2013,1078.5,29.17
Mayiladuthurai,2014,1313.6,29.09
Mayiladuthurai,2015,1398.3,29.59
Mayiladuthurai,2016,1423.8,28.97
Mayiladuthurai,2017,1650.6,28.92
Mayiladuthurai,2018,1639.7,29.4
Mayiladuthurai,2019,1167.5,28.62
Mayiladuthurai,2020,1702.9,29.45
Mayiladuthurai,2021,1220.9,29.31
Mayiladuthurai,2022,1644.9,29.17
Mayiladuthurai,2023,1022.8,29.22
Nagapattinam,2003,1390.6,29.06
Nagapattinam,2004,1563.3,28.66
Nagapattinam,2005,1667.9,29.62
Nagapattinam,2006,1332.2,29.12
Nagapattinam,2007,1114.5,29.32
Nagapattinam,2008,1546.6,28.95
Nagapattinam,2009,1569.2,29.25
Nagapattinam,2010,1150.2,29.58
Nagapattinam,2011,1381.5,28.85
Nagapattinam,2012,1080.3,28.69
Nagapattinam,2013,1613.4,28.85
Nagapattinam,2014,1314.4,28.32
Nagapattinam,2015,1358.8,29.87
Nagapattinam,2016,1612.5,28.66
Nagapattinam,2017,1806.7,29.72
Nagapattinam,2018,1286.8,28.54
Nagapattinam,2019,1317.1,29.66
Nagapattinam,2020,1377.2,29.69
Nagapattinam,2021,1538.7,29.55
Nagapattinam,2022,1000.2,29.15
Nagapattinam,2023,1155.3,28.58
Namakkal,2003,1132.0,31.16
Namakkal,2004,747.8,30.84
Namakkal,2005,968.9,30.47
Namakkal,2006,644.9,30.88
Namakkal,2007,926.1,31.02
Namakkal,2008,1158.9,30.47
Namakkal,2009,1043.2,30.48
Namakkal,2010,818.3,30.48
Namakkal,2011,900.7,30.7
Namakkal,2012,921.4,31.03
Namakkal,2013,1152.9,31.03
Namakkal,2014,826.2,30.49
Namakkal,2015,526.5,30.56
Namakkal,2016,1171.1,31.03
Namakkal,2017,800.4,30.14
Namakkal,2018,848.9,30.8
Namakkal,2019,742.7,31.2
Namakkal,2020,1156.5,30.4
Namakkal,2021,763.5,30.49
Namakkal,2022,995.4,30.83
Namakkal,2023,859.6,30.2
Nilgiris,2003,2343.7,25.32
Nilgiris,2004,2804.0,25.87
Nilgiris,2005,1829.8,25.81
Nilgiris,2006,2762.7,26.78
Nilgiris,2007,2612.0,26.24
Nilgiris,2008,1883.1,26.53
Nilgiris,2009,2324.4,25.99
Nilgiris,2010,2440.4,26.21
Nilgiris,2011,2316.3,26.54
Nilgiris,2012,2096.6,26.16
Nilgiris,2013,2119.4,26.45
Nilgiris,2014,2292.7,26.31
Nilgiris,2015,1556.7,25.96
Nilgiris,2016,1638.9,25.68
Nilgiris,2017,1857.6,26.49
Nilgiris,2018,2196.7,25.44
Nilgiris,2019,2074.7,26.96
Nilgiris,2020,2492.2,26.88
Nilgiris,2021,1605.7,25.75
Nilgiris,2022,1843.4,26.86
Nilgiris,2023,1753.7,26.75
Perambalur,2003,638.6,30.99
Perambalur,2004,799.4,30.25
Perambalur,2005,730.7,31.11
Perambalur,2006,385.6,30.02
Perambalur,2007,465.2,30.74
Perambalur,2008,506.8,30.52
Perambalur,2009,767.6,30.65
Perambalur,2010,702.3,30.61
Perambalur,2011,678.3,30.16
Perambalur,2012,558.5,31.6
Perambalur,2013,756.6,30.61
Perambalur,2014,752.6,31.36
Perambalur,2015,523.7,30.51
Perambalur,2016,775.8,29.95
Perambalur,2017,741.3,30.49
Perambalur,2018,519.9,31.1
Perambalur,2019,379.1,30.81
Perambalur,2020,630.9,30.88
Perambalur,2021,897.4,31.03
Perambalur,2022,605.0,30.49
Perambalur,2023,609.9,30.92
Pudukkottai,2003,462.7,29.29
Pudukkottai,2004,569.0,29.89
Pudukkottai,2005,709.5,29.48
Pudukkottai,2006,436.5,29.04
Pudukkottai,2007,450.2,29.73
Pudukkottai,2008,537.4,30.07
Pudukkottai,2009,532.1,29.47
Pudukkottai,2010,543.4,30.49
Pudukkottai,2011,673.6,29.59
Pudukkottai,2012,932.6,29.76
Pudukkottai,2013,606.8,29.92
Pudukkottai,2014,700.0,29.86
Pudukkottai,2015,744.3,30.16
Pudukkottai,2016,604.2,29.19
Pudukkottai,2017,568.4,30.31
Pudukkottai,2018,737.2,30.09
Pudukkottai,2019,693.0,30.03
Pudukkottai,2020,603.7,29.94
Pudukkottai,2021,518.6,30.01
Pudukkottai,2022,785.2,30.33
Pudukkottai,2023,654.4,30.06
Ramanathapuram,2003,496.5,30.2
Ramanathapuram,2004,662.8,29.61
Ramanathapuram,2005,509.1,29.82
Ramanathapuram,2006,373.6,30.13
Ramanathapuram,2007,457.2,29.93
Ramanathapuram,2008,521.7,30.19
Ramanathapuram,2009,365.6,30.75
Ramanathapuram,2010,322.6,29.48
Ramanathapuram,2011,311.4,29.61
Ramanathapuram,2012,463.2,29.92
Ramanathapuram,2013,616.5,30.07
Ramanathapuram,2014,464.2,29.24
Ramanathapuram,2015,347.9,29.34
Ramanathapuram,2016,299.6,30.07
Ramanathapuram,2017,528.9,29.74
Ramanathapuram,2018,419.7,30.16
Ramanathapuram,2019,330.5,29.67
Ramanathapuram,2020,542.2,29.66
Ramanathapuram,2021,559.5,30.23
Ramanathapuram,2022,380.1,29.63
Ramanathapuram,2023,316.3,30.12
Ranipet,2003,863.7,29.67
Ranipet,2004,1184.0,29.54
Ranipet,2005,1076.5,29.5
Ranipet,2006,902.3,29.11
Ranipet,2007,740.8,29.1
Ranipet,2008,1047.2,29.45
Ranipet,2009,929.4,29.52
Ranipet,2010,875.7,29.37
Ranipet,2011,757.8,29.89
Ranipet,2012,1037.7,29.76
Ranipet,2013,797.8,29.57
Ranipet,2014,1321.6,30.0
Ranipet,2015,808.2,30.17
Ranipet,2016,809.2,29.45
Ranipet,2017,985.0,29.42
Ranipet,2018,908.9,29.17
Ranipet,2019,1002.8,29.96
Ranipet,2020,1020.0,29.83
Ranipet,2021,930.0,30.34
Ranipet,2022,803.6,29.32
Ranipet,2023,687.3,30.2
Salem,2003,743.3,30.85
Salem,2004,990.4,30.17
Salem,2005,972.7,30.8
Salem,2006,717.9,30.27
Salem,2007,932.1,30.03
Salem,2008,1108.3,31.49
Salem,2009,1088.6,30.76
Salem,2010,795.7,29.58
Salem,2011,956.0,31.27
Salem,2012,1050.8,30.28
Salem,2013,799.1,30.25
Salem,2014,703.2,30.98
Salem,2015,981.3,30.44
Salem,2016,741.3,30.25
Salem,2017,1098.3,31.02
Salem,2018,659.4,30.58
Salem,2019,735.4,30.03
Salem,2020,1244.3,30.82
Salem,2021,962.7,31.48
Salem,2022,696.4,30.65
Salem,2023,1025.1,30.48
Sivaganga,2003,661.7,30.22
Sivaganga,2004,869.6,29.44
Sivaganga,2005,699.4,29.37
Sivaganga,2006,532.7,29.91
Sivaganga,2007,656.1,30.26
Sivaganga,2008,450.9,29.1
Sivaganga,2009,795.5,30.2
Sivaganga,2010,500.7,29.66
Sivaganga,2011,566.1,30.23
Sivaganga,2012,599.1,29.84
Sivaganga,2013,650.1,30.08
Sivaganga,2014,497.9,30.12
Sivaganga,2015,688.4,30.14
Sivaganga,2016,646.8,29.8
Sivaganga,2017,618.9,29.71
Sivaganga,2018,767.4,29.15
Sivaganga,2019,412.2,29.72
Sivaganga,2020,539.8,29.4
Sivaganga,2021,827.3,29.53
Sivaganga,2022,511.0,30.22
Sivaganga,2023,473.1,30.34
Tenkasi,2003,1216.4,29.84
Tenkasi,2004,1254.2,30.01
Tenkasi,2005,1611.2,29.82
Tenkasi,2006,1979.9,29.5
Tenkasi,2007,1590.4,29.43
Tenkasi,2008,1084.8,29.99
Tenkasi,2009,1389.4,29.45
Tenkasi,2010,1067.3,30.2
Tenkasi,2011,845.6,29.62
Tenkasi,2012,1506.5,30.35
Tenkasi,2013,1169.0,29.5
Tenkasi,2014,1399.7,29.86
Tenkasi,2015,1425.2,30.29
Tenkasi,2016,1254.7,29.96
Tenkasi,2017,1434.0,29.83
Tenkasi,2018,1023.4,30.44
Tenkasi,2019,655.9,29.93
Tenkasi,2020,1279.5,30.5
Tenkasi,2021,1286.6,29.78
Tenkasi,2022,1010.4,30.24
Tenkasi,2023,1354.8,29.36
Thanjavur,2003,1383.5,29.89
Thanjavur,2004,1349.4,28.75
Thanjavur,2005,1931.6,29.28
Thanjavur,2006,959.6,29.03
Thanjavur,2007,1231.3,28.44
Thanjavur,2008,1061.1,29.24
Thanjavur,2009,1311.5,28.9
Thanjavur,2010,1597.4,29.39
Thanjavur,2011,1372.3,29.16
Thanjavur,2012,1839.8,29.38
Thanjavur,2013,1589.6,28.92
Thanjavur,2014,1696.2,28.53
Thanjavur,2015,1319.6,29.29
Thanjavur,2016,1369.4,30.08
Thanjavur,2017,1178.9,28.71
Thanjavur,2018,1700.4,28.48
Thanjavur,2019,1376.7,29.67
Thanjavur,2020,1242.0,28.88
Thanjavur,2021,1188.1,28.73
Thanjavur,2022,1424.8,29.39
Thanjavur,2023,1764.9,29.54
Theni,2003,1467.2,29.93
Theni,2004,1652.5,29.11
Theni,2005,1764.0,30.29
Theni,2006,1312.4,29.42
Theni,2007,1528.6,30.49
Theni,2008,1516.4,29.98
Theni,2009,1571.8,30.44
Theni,2010,1535.5,29.49
Theni,2011,1391.3,29.24
Theni,2012,861.9,29.81
Theni,2013,1426.2,29.36
Theni,2014,1338.3,29.69
Theni,2015,1410.2,29.76
Theni,2016,921.2,29.98
Theni,2017,1366.8,30.33
Theni,2018,1012.0,30.12
Theni,2019,519.5,30.23
Theni,2020,1321.1,29.74
Theni,2021,1063.4,29.49
Theni,2022,1947.5,30.28
Theni,2023,1393.1,30.37
Thoothukudi,2003,327.9,29.82
Thoothukudi,2004,554.3,29.28
Thoothukudi,2005,397.1,29.72
Thoothukudi,2006,414.9,29.67
Thoothukudi,2007,526.8,29.33
Thoothukudi,2008,428.3,30.35
Thoothukudi,2009,381.1,30.55
Thoothukudi,2010,477.6,29.6
Thoothukudi,2011,282.1,29.89
Thoothukudi,2012,411.2,30.3
Thoothukudi,2013,535.8,29.89
Thoothukudi,2014,386.8,29.65
Thoothukudi,2015,407.4,29.97
Thoothukudi,2016,508.9,30.07
Thoothukudi,2017,539.8,30.01
Thoothukudi,2018,471.7,29.6
Thoothukudi,2019,473.0,29.93
Thoothukudi,2020,412.2,30.63
Thoothukudi,2021,524.5,29.68
Thoothukudi,2022,509.7,29.56
Thoothukudi,2023,405.5,30.09
Tiruchirappalli,2003,1134.6,29.53
Tiruchirappalli,2004,893.1,30.67
Tiruchirappalli,2005,773.7,30.24
Tiruchirappalli,2006,660.3,30.27
Tiruchirappalli,2007,1249.9,31.21
Tiruchirappalli,2008,810.1,30.44
Tiruchirappalli,2009,1111.5,30.62
Tiruchirappalli,2010,602.8,30.28
Tiruchirappalli,2011,948.7,30.88
Tiruchirappalli,2012,1077.6,30.58
Tiruchirappalli,2013,676.1,30.44
Tiruchirappalli,2014,1033.9,30.7
Tiruchirappalli,2015,884.4,30.52
Tiruchirappalli,2016,872.0,30.7
Tiruchirappalli,2017,819.2,30.25
Tiruchirappalli,2018,975.9,30.89
Tiruchirappalli,2019,1189.2,30.39
Tiruchirappalli,2020,1155.9,30.2
Tiruchirappalli,2021,827.7,31.35
Tiruchirappalli,2022,1085.6,30.77
Tiruchirappalli,2023,837.4,30.5
Tirunelveli,2003,932.2,29.33
Tirunelveli,2004,1067.2,29.64
Tirunelveli,2005,797.2,30.16
Tirunelveli,2006,677.7,30.41
Tirunelveli,2007,697.5,30.32
Tirunelveli,2008,988.7,29.59
Tirunelveli,2009,1095.1,30.3
Tirunelveli,2010,1023.6,29.93
Tirunelveli,2011,1000.6,29.81
Tirunelveli,2012,1013.7,29.72
Tirunelveli,2013,925.4,30.22
Tirunelveli,2014,976.4,30.52
Tirunelveli,2015,768.8,29.6
Tirunelveli,2016,1133.8,29.87
Tirunelveli,2017,834.2,30.55
Tirunelveli,2018,975.1,28.58
Tirunelveli,2019,1107.5,29.56
Tirunelveli,2020,1098.3,30.0
Tirunelveli,2021,818.4,30.21
Tirunelveli,2022,833.1,30.87
Tirunelveli,2023,866.2,30.46
Tirupathur,2003,833.1,29.88
Tirupathur,2004,861.7,29.74
Tirupathur,2005,674.7,30.0
Tirupathur,2006,479.1,29.39
Tirupathur,2007,489.2,29.83
Tirupathur,2008,849.6,29.27
Tirupathur,2009,751.0,29.0
Tirupathur,2010,592.6,29.35
Tirupathur,2011,711.1,29.36
Tirupathur,2012,732.0,29.42
Tirupathur,2013,762.1,29.6
Tirupathur,2014,824.0,29.45
Tirupathur,2015,585.5,29.93
Tirupathur,2016,752.1,29.89
Tirupathur,2017,875.5,29.85
Tirupathur,2018,660.7,29.3
Tirupathur,2019,531.4,30.05
Tirupathur,2020,737.8,30.14
Tirupathur,2021,757.9,29.94
Tirupathur,2022,491.9,29.68
Tirupathur,2023,690.3,29.53
Tiruppur,2003,1002.0,25.43
Tiruppur,2004,832.9,25.68
Tiruppur,2005,900.0,25.76
Tiruppur,2006,868.6,26.19
Tiruppur,2007,868.9,26.11
Tiruppur,2008,1056.5,26.22
Tiruppur,2009,1190.2,25.46
Tiruppur,2010,807.5,25.33
Tiruppur,2011,845.5,25.62
Tiruppur,2012,987.9,26.38
Tiruppur,2013,979.8,26.59
Tiruppur,2014,718.3,25.74
Tiruppur,2015,835.6,25.21
Tiruppur,2016,991.8,25.56
Tiruppur,2017,1140.6,26.67
Tiruppur,2018,618.5,25.41
Tiruppur,2019,935.9,26.06
Tiruppur,2020,1015.2,26.99
Tiruppur,2021,662.5,26.61
Tiruppur,2022,1001.4,25.76
Tiruppur,2023,975.9,25.87
Tiruvallur,2003,734.5,29.62
Tiruvallur,2004,1077.2,29.61
Tiruvallur,2005,835.6,29.82
Tiruvallur,2006,947.7,29.92
Tiruvallur,2007,954.2,28.87
Tiruvallur,2008,915.1,29.16
Tiruvallur,2009,777.3,30.19
Tiruvallur,2010,941.0,29.66
Tiruvallur,2011,824.5,28.95
Tiruvallur,2012,807.7,30.56
Tiruvallur,2013,1193.2,28.7
Tiruvallur,2014,795.3,28.5
Tiruvallur,2015,915.8,29.16
Tiruvallur,2016,849.0,29.79
Tiruvallur,2017,1109.6,29.67
Tiruvallur,2018,788.8,29.81
Tiruvallur,2019,567.5,29.34
Tiruvallur,2020,690.1,29.59
Tiruvallur,2021,1058.1,29.35
Tiruvallur,2022,965.3,29.79
Tiruvallur,2023,826.1,29.62
Tiruvannamalai,2003,958.6,29.19
Tiruvannamalai,2004,813.9,29.42
Tiruvannamalai,2005,798.0,28.78
Tiruvannamalai,2006,791.1,29.48
Tiruvannamalai,2007,671.5,29.32
Tiruvannamalai,2008,1084.4,29.45
Tiruvannamalai,2009,806.1,30.04
Tiruvannamalai,2010,620.9,29.55
Tiruvannamalai,2011,784.7,29.42
Tiruvannamalai,2012,803.9,29.81
Tiruvannamalai,2013,975.8,29.79
Tiruvannamalai,2014,1018.1,28.89
Tiruvannamalai,2015,1083.1,29.24
Tiruvannamalai,2016,887.3,29.77
Tiruvannamalai,2017,1205.4,29.46
Tiruvannamalai,2018,1202.8,29.54
Tiruvannamalai,2019,1088.2,29.01
Tiruvannamalai,2020,1042.4,29.88
Tiruvannamalai,2021,980.2,29.62
Tiruvannamalai,2022,992.8,29.42
Tiruvannamalai,2023,789.8,29.7
Tiruvarur,2003,1918.5,28.99
Tiruvarur,2004,1307.1,28.59
Tiruvarur,2005,1128.3,28.18
Tiruvarur,2006,1667.4,29.11
Tiruvarur,2007,1327.1,29.61
Tiruvarur,2008,1926.3,29.44
Tiruvarur,2009,1704.0,29.18
Tiruvarur,2010,1381.9,28.71
Tiruvarur,2011,1275.6,29.67
Tiruvarur,2012,1936.9,29.31
Tiruvarur,2013,1111.8,28.61
Tiruvarur,2014,1794.2,29.62
Tiruvarur,2015,1148.1,28.95
Tiruvarur,2016,1045.7,29.05
Tiruvarur,2017,1731.8,29.76
Tiruvarur,2018,1478.4,29.05
Tiruvarur,2019,1341.0,28.94
Tiruvarur,2020,1368.8,29.04
Tiruvarur,2021,1621.9,29.31
Tiruvarur,2022,1682.5,29.48
Tiruvarur,2023,1617.8,29.41
Vellore,2003,1056.2,29.75
Vellore,2004,1105.5,29.51
Vellore,2005,1051.7,29.8
Vellore,2006,746.6,29.48
Vellore,2007,564.6,29.38
Vellore,2008,1227.7,29.27
Vellore,2009,968.4,29.48
Vellore,2010,983.6,29.93
Vellore,2011,950.1,29.58
Vellore,2012,1060.9,29.85
Vellore,2013,1146.1,29.79
Vellore,2014,808.7,29.59
Vellore,2015,653.6,29.19
Vellore,2016,814.1,29.44
Vellore,2017,971.5,29.34
Vellore,2018,963.3,29.49
Vellore,2019,682.2,29.97
Vellore,2020,780.5,29.06
Vellore,2021,1232.5,29.86
Vellore,2022,811.3,29.45
Vellore,2023,877.6,29.75
Villupuram,2003,819.0,29.68
Villupuram,2004,1023.7,30.26
Villupuram,2005,817.9,29.97
Villupuram,2006,899.2,29.41
Villupuram,2007,500.3,30.07
Villupuram,2008,900.1,29.17
Villupuram,2009,823.9,29.26
Villupuram,2010,730.2,29.84
Villupuram,2011,909.5,30.47
Villupuram,2012,1265.4,29.73
Villupuram,2013,1101.3,29.73
Villupuram,2014,866.9,29.14
Villupuram,2015,830.8,30.08
Villupuram,2016,1009.6,29.53
Villupuram,2017,915.4,29.28
Villupuram,2018,1059.0,29.31
Villupuram,2019,947.5,29.71
Villupuram,2020,744.8,30.09
Villupuram,2021,515.5,29.37
Villupuram,2022,859.2,29.84
Villupuram,2023,736.2,30.32
Virudhunagar,2003,732.0,30.32
Virudhunagar,2004,740.0,30.41
Virudhunagar,2005,883.6,30.01
Virudhunagar,2006,616.5,29.49
Virudhunagar,2007,867.0,30.34
Virudhunagar,2008,676.5,30.14
Virudhunagar,2009,523.7,29.69
Virudhunagar,2010,459.3,30.01
Virudhunagar,2011,786.7,30.21
Virudhunagar,2012,686.5,30.0
Virudhunagar,2013,871.7,29.86
Virudhunagar,2014,548.3,29.01
Virudhunagar,2015,697.0,29.78
Virudhunagar,2016,662.1,29.53
Virudhunagar,2017,699.2,29.95
Virudhunagar,2018,738.0,29.65
Virudhunagar,2019,480.9,30.58
Virudhunagar,2020,829.5,29.57
Virudhunagar,2021,786.8,29.88
Virudhunagar,2022,362.4,29.53
Virudhunagar,2023,833.4,30.17
